number,barcode,product_name,store_number,store_name,category1,category2,category3,category4,price1,price2,sale_num,ware_house_inventory,jd_inventory,total_inventory
13050500301030 ,6972871850005 ,MORPHE・39色璀璨星眸眼影盘75.7g,116,深圳市盟客供应链科技有限公司,TC彩妆,眼影,多色眼影,17色以上,174.5,349,0,95,49,144
13030100601003 ,8801046340738 ,AEKYUNG爱纪二十・水润焕颜粉饼（闪耀款） 13号浅肤色 12.5g*2,116,深圳市盟客供应链科技有限公司,TC彩妆,底妆,粉底,气垫,101,199,0,0,935,935
13010600211 ,4511413514481 ,DHC蝶翠诗・橄榄卸妆油200ml,116,深圳市盟客供应链科技有限公司,TC护肤,卸妆,面部卸妆,卸妆油,99,159,0,1168,685,1853
13010600211 ,4511413514481 ,DHC蝶翠诗・橄榄卸妆油200ml,100,广东快客电子商务有限公司,TC护肤,卸妆,面部卸妆,卸妆油,99,159,0,0,7,7
1303010060012 ,8801046314432 ,AEKYUNG爱纪二十・精华遮瑕粉底21号色 12.5g*2,100,广东快客电子商务有限公司,TC彩妆,底妆,粉底,气垫,97.5,179,0,0,48,48
13010200101001 ,6935778567391 ,CATKIN卡婷・CATKIN X 清平乐礼盒C01,116,深圳市盟客供应链科技有限公司,TC彩妆,彩妆套装,综合礼盒,综合礼盒,90.91,219,0,1,42,43
1302030010074 ,6971113330688 ,Chosungah22潮盛雅22・甜心炫彩染唇膏 哇苹果 3.5g,116,深圳市盟客供应链科技有限公司,TC彩妆,唇部,口红,哑光口红,71.1,129,0,0,12,12
1302030010339 ,6902395739739 ,Maybelline美宝莲・绝色持久唇膏 丝绒哑光 702 3.9g,116,深圳市盟客供应链科技有限公司,TC彩妆,唇部,口红,哑光口红,65.4,109,0,0,17,17
1302030010350 ,6902395739807 ,Maybelline美宝莲・绝色持久唇膏 丝绒哑光 807 3.9g,116,深圳市盟客供应链科技有限公司,TC彩妆,唇部,口红,哑光口红,65.4,109,0,0,21,21
1302030010348 ,6902395740193 ,Maybelline美宝莲・绝色持久唇膏 缎光 006 3.9g,116,深圳市盟客供应链科技有限公司,TC彩妆,唇部,口红,哑光口红,65.4,109,0,0,23,23
1302030010351 ,6902395740056 ,Maybelline美宝莲・绝色持久唇膏 缎光 510 3.9g,116,深圳市盟客供应链科技有限公司,TC彩妆,唇部,口红,哑光口红,65.4,109,0,0,6,6
1305050030083 ,6971555165725 ,ZEESEA滋色・花火夜璨十六色眼影盘01 1.2g*15+1.5g,116,深圳市盟客供应链科技有限公司,TC彩妆,眼影,多色眼影,9-16色,61.92,129,0,0,7,7
1305050030083 ,6971555165725 ,ZEESEA滋色・花火夜璨十六色眼影盘01 1.2g*15+1.5g,100,广东快客电子商务有限公司,TC彩妆,眼影,多色眼影,9-16色,61.92,129,0,0,50,50
1305050030085 ,6971555166104 ,ZEESEA滋色・花火夜璨十六色眼影盘03 1.2g*9+1.5g*7,100,广东快客电子商务有限公司,TC彩妆,眼影,多色眼影,9-16色,61.92,129,0,0,128,128
1305050030070 ,6926799607135 ,Za姬芮・神采焦点眼影BK98 5g,116,深圳市盟客供应链科技有限公司,TC彩妆,眼影,多色眼影,2-8色,61.44,119,0,9,0,9
1305050030069 ,6926799607128 ,Za姬芮・神采焦点眼影RD47 5g,116,深圳市盟客供应链科技有限公司,TC彩妆,眼影,多色眼影,2-8色,61.44,119,0,9,0,9
1305050030067 ,6926799607104 ,Za姬芮・神采焦点眼影VI75 5g,116,深圳市盟客供应链科技有限公司,TC彩妆,眼影,多色眼影,2-8色,61.44,119,0,0,128,128
1302040010065 ,8858994475234 ,SIVANNA COLORS思薇娜・幽兰之情唇釉（5支装礼盒）5*5g,116,深圳市盟客供应链科技有限公司,TC彩妆,唇部,唇釉,哑光唇釉,59.5,129,0,3,36,39
1303010070030 ,6971538079483 ,physicians formula斐式配方・元气盈透矿物散粉透亮P10948 12g,116,深圳市盟客供应链科技有限公司,TC彩妆,底妆,定妆,散粉,58.05,119,0,0,65,65
2302010030013 ,8429420145047 ,ISDIN怡思丁・维生素元B5多效修复霜50G,116,深圳市盟客供应链科技有限公司,TC护肤,功能护肤,健康护理,万用膏,57.96,69.9,0,0,5,5
1305040020017 ,6926799608071 ,Za姬芮・睛羡恒采眼线液BK999深邃黑 0.5ml,116,深圳市盟客供应链科技有限公司,TC彩妆,眼部,眼线,眼线液笔,56.64,109,0,0,79,79
1303010050030 ,8809387474457 ,Pramy柏瑞美・水光隔离霜1# 40ml,116,深圳市盟客供应链科技有限公司,TC彩妆,底妆,妆前,隔离霜,56.55,129.9,0,44,70,114
2302010030001 ,8809294556956 ,九朵云・焕彩面霜50g,116,深圳市盟客供应链科技有限公司,TC护肤,面霜/乳液,面霜,日霜,55.84,99,0,0,5,5
1303010060003 ,6958136629081 ,VOV薇欧薇・焕亮星辰水光气垫霜 1号亮肤色14G,116,深圳市盟客供应链科技有限公司,TC彩妆,底妆,粉底,气垫,55.5,99,0,18,12,30
1303010060004 ,6958136629098 ,VOV薇欧薇・焕亮星辰水光气垫霜 2号象牙色14G,116,深圳市盟客供应链科技有限公司,TC彩妆,底妆,粉底,气垫,55.5,99,0,54,43,97
1305010020005 ,4903335130182 ,dejavu黛佳碧・美睫浓翘睫毛膏 浓黑色7.2g,100,广东快客电子商务有限公司,TC彩妆,眼部,睫毛,卷翘睫毛膏,53.9,89.9,0,0,16,16
1305010030004 ,4903335130175 ,dejavu黛佳碧・美睫瞬密睫毛膏 漆黑色8g,100,广东快客电子商务有限公司,TC彩妆,眼部,睫毛,浓密睫毛膏,53.9,89.9,0,0,9,9
1305010060004 ,4903335110511 ,dejavu黛佳碧・菲贝薇美睫长翘睫毛膏 碳黑色7.2g,100,广东快客电子商务有限公司,TC彩妆,眼部,睫毛,纤长睫毛膏,53.9,89.9,0,0,6,6
1303020020064 ,6902395701552 ,MAYBELLINE美宝莲・定制腮红35 4.5g,116,深圳市盟客供应链科技有限公司,TC彩妆,局部,腮红,腮红粉,53.4,89,0,0,98,98
1303010080027 ,6972238110001 ,CAREMILLE珂曼・未来水凝ㄠ粉底霜粉调亮白色 13g,116,深圳市盟客供应链科技有限公司,TC彩妆,底妆,粉底,气垫,52,119,0,19,25,44
1303010080026 ,6972238110018 ,CAREMILLE珂曼・未来水凝ㄠ粉底霜黄调自然色 13g,116,深圳市盟客供应链科技有限公司,TC彩妆,底妆,粉底,气垫,52,119,0,81,15,96
13030200301001 ,4901008307725 ,CANMAKE肯美・花漾瑰丽造影粉01 6.3g,100,广东快客电子商务有限公司,TC彩妆,局部,高光,高光粉,51.94,95.9,0,0,96,96
13030200301001 ,4901008307725 ,CANMAKE肯美・花漾瑰丽造影粉01 6.3g,116,深圳市盟客供应链科技有限公司,TC彩妆,局部,高光,高光粉,51.94,95.9,0,173,0,173
1302030010097 ,6926799621698 ,Za姬芮・恒彩娇艳唇膏RD330 3.5g,116,深圳市盟客供应链科技有限公司,TC彩妆,唇部,口红,哑光口红,51.84,99,0,35,0,35
1302030010096 ,6926799621681 ,Za姬芮・恒彩娇艳唇膏RD365 3.5g,116,深圳市盟客供应链科技有限公司,TC彩妆,唇部,口红,哑光口红,51.84,99,0,31,0,31
1305040010017 ,6926799608057 ,Za姬芮・柔芯防水眼线笔BK999深邃黑 0.13g,116,深圳市盟客供应链科技有限公司,TC彩妆,眼部,眼线,眼线胶笔,51.84,99,0,0,69,69
1305010030006 ,6926799607142 ,Za姬芮・炫长绝密睫毛膏小黑媚 9g,116,深圳市盟客供应链科技有限公司,TC彩妆,眼部,睫毛,浓密睫毛膏,51.84,99,0,255,0,255
1303010040062 ,6971113330022 ,Chosungah22潮盛雅22・多效保湿精华粉凝露 1号 亮米色,116,深圳市盟客供应链科技有限公司,TC彩妆,底妆,粉底,粉底液,50,99,0,0,206,206
1303010040063 ,6971113330039 ,Chosungah22潮盛雅22・多效保湿精华粉凝露 2号 自然色,116,深圳市盟客供应链科技有限公司,TC彩妆,底妆,粉底,粉底液,50,99,0,0,221,221
1303010050025 ,8809485975412 ,UNNY悠宜・多重防护修颜隔离霜01 30g,116,深圳市盟客供应链科技有限公司,TC彩妆,底妆,妆前,隔离霜,49.5,119,0,0,5,5
1303010050025 ,8809485975412 ,UNNY悠宜・多重防护修颜隔离霜01 30g,100,广东快客电子商务有限公司,TC彩妆,底妆,妆前,隔离霜,49.5,119,0,0,7,7
1303010050026 ,8809485975429 ,UNNY悠宜・多重防护修颜隔离霜02 30g,116,深圳市盟客供应链科技有限公司,TC彩妆,底妆,妆前,隔离霜,49.5,119,0,0,8,8
13050500301057 ,6957317609539 ,Front Cover・北极星系列十色眼影盘（幻光圣保罗）5g,116,深圳市盟客供应链科技有限公司,TC彩妆,眼影,多色眼影,9-16色,49,109,0,82,117,199
13050500301058 ,6957317609553 ,Front Cover・北极星系列十色眼影盘（星辰伦敦眼）5g,116,深圳市盟客供应链科技有限公司,TC彩妆,眼影,多色眼影,9-16色,49,109,0,78,168,246
13020100101001 ,6957317609614 ,Front Cover・裸肌护唇精华蜜(升级版）11ml,116,深圳市盟客供应链科技有限公司,TC彩妆,唇部,唇部护理,唇部去角质,49,139,0,79,161,240
13010300421 ,4901417628916 ,肌美精・渗透保湿面膜25ML*5,116,深圳市盟客供应链科技有限公司,TC面膜,盒装面膜,美白焕肤,美白焕肤,49,59.9,0,33,0,33
1305040010007 ,4903335130465 ,dejavu黛佳碧・新美瞳眼线笔 旋出式眼线胶笔 漆黑色0.14g,100,广东快客电子商务有限公司,TC彩妆,眼部,眼线,眼线胶笔,48.4,79.9,0,0,5,5
1305020010035 ,4903335111945 ,dejavu黛佳碧・自然持妆眉笔浅咖啡色0.165g,116,深圳市盟客供应链科技有限公司,TC彩妆,眼部,眉笔,极细眉笔,48.4,79.9,0,0,6,6
1303020010041 ,8806190718082 ,I'M MEME・ 我爱四格粉盒 002 高光盒子,116,深圳市盟客供应链科技有限公司,TC彩妆,局部,组合盘,组合盘,47.94,99,0,0,709,709
1303020040033 ,8809485973432 ,UNNY悠宜・六色遮瑕盘 2g*6,116,深圳市盟客供应链科技有限公司,TC彩妆,局部,遮瑕,遮瑕膏,47.85,139,0,0,8,8
1301010010004 ,41507070035 ,THAYERS津尔氏・金缕梅玫瑰花瓣爽肤水355ML,100,广东快客电子商务有限公司,TC护肤,化妆水,功能性化妆水,功能性化妆水,47.5,79.9,0,0,23,23
1301010010004 ,41507070035 ,THAYERS津尔氏・金缕梅玫瑰花瓣爽肤水355ML,116,深圳市盟客供应链科技有限公司,TC护肤,化妆水,功能性化妆水,功能性化妆水,47.5,79.9,0,529,1297,1826
1301010010017 ,4560202021600 ,EstheDew伊特露・樱花美容化妆水500ML,100,广东快客电子商务有限公司,TC护肤,化妆水,补水保湿化妆水,补水保湿化妆水,47.38,79.9,0,0,9,9
13050200101029 ,6926799623890 ,Za姬芮・柔芯旋彩眉笔BR611（2020外包装强化）0.17g,116,深圳市盟客供应链科技有限公司,TC彩妆,眼部,眉笔,极细眉笔,47.04,99,0,8,106,114
13050200101030 ,6926799623906 ,Za姬芮・柔芯旋彩眉笔BR631（2020外包装强化）0.17g,116,深圳市盟客供应链科技有限公司,TC彩妆,眼部,眉笔,极细眉笔,47.04,99,0,15,154,169
1305020010044 ,6926799608033 ,Za姬芮・柔芯旋彩眉笔GY951烟灰色 0.17g,100,广东快客电子商务有限公司,TC彩妆,眼部,眉笔,极细眉笔,47.04,89.9,0,0,5,5
13050200101031 ,6926799623913 ,Za姬芮・柔芯旋彩眉笔GY951（2020外包装强化）0.17g,116,深圳市盟客供应链科技有限公司,TC彩妆,眼部,眉笔,极细眉笔,47.04,99,0,45,112,157
1305050030098 ,6954496906343 ,CHIOTURE稚优泉・灿若星河14色眼影01 10g,100,广东快客电子商务有限公司,TC彩妆,眼影,多色眼影,9-16色,45,119.9,0,0,101,101
1305050030099 ,6954496906909 ,CHIOTURE稚优泉・灿若星河14色眼影02 10g,100,广东快客电子商务有限公司,TC彩妆,眼影,多色眼影,9-16色,45,119.9,0,0,40,40
1305050030099 ,6954496906909 ,CHIOTURE稚优泉・灿若星河14色眼影02 10g,116,深圳市盟客供应链科技有限公司,TC彩妆,眼影,多色眼影,9-16色,45,119.9,0,0,66,66
13030200301003 ,6972310700106 ,JUNO&CO・魅色高光多用修容盘 树莓派对 11.2g,116,深圳市盟客供应链科技有限公司,TC彩妆,局部,组合盘,组合盘,45,99,0,0,387,387
1302010040262 ,194360000159 ,MOOD EDITING cosmetics珂迪・真我丝雾润彩唇釉 05去，亲他2.8g,116,深圳市盟客供应链科技有限公司,TC彩妆,唇部,唇釉,哑光唇釉,45,99,0,2,14,16
1302010040263 ,194360000166 ,MOOD EDITING cosmetics珂迪・真我丝雾润彩唇釉 06灵光一闪2.8g,116,深圳市盟客供应链科技有限公司,TC彩妆,唇部,唇釉,哑光唇釉,45,99,0,5,0,5
1302010040264 ,194360000173 ,MOOD EDITING cosmetics珂迪・真我丝雾润彩唇釉 07大女孩2.8g,116,深圳市盟客供应链科技有限公司,TC彩妆,唇部,唇釉,哑光唇釉,45,99,0,0,16,16
1302010040265 ,194360000180 ,MOOD EDITING cosmetics珂迪・真我丝雾润彩唇釉 08派对过后2.8g,116,深圳市盟客供应链科技有限公司,TC彩妆,唇部,唇釉,哑光唇釉,45,99,0,7,0,7
1302010040259 ,194360000128 ,MOOD EDITING cosmetics珂迪・真我持久莹彩唇彩 02截稿日2.8g,116,深圳市盟客供应链科技有限公司,TC彩妆,唇部,唇釉,亮面唇釉,45,99,0,0,15,15
1302010040158 ,6971538070220 ,physicians formula斐式配方・元气盈润丝绒唇釉玫瑰豆沙P10022 7ml,116,深圳市盟客供应链科技有限公司,TC彩妆,唇部,唇釉,哑光唇釉,44.55,89.9,0,0,268,268
1302010040160 ,6971538075867 ,physicians formula斐式配方・元气盈润丝绒唇釉盛装节日P10586 7ml,116,深圳市盟客供应链科技有限公司,TC彩妆,唇部,唇釉,哑光唇釉,44.55,89.9,0,0,144,144
1302010040157 ,6971538070176 ,physicians formula斐式配方・元气盈润丝绒唇釉豆沙粉P10017 7ml,100,广东快客电子商务有限公司,TC彩妆,唇部,唇釉,哑光唇釉,44.55,89.9,0,0,19,19
1302010040157 ,6971538070176 ,physicians formula斐式配方・元气盈润丝绒唇釉豆沙粉P10017 7ml,116,深圳市盟客供应链科技有限公司,TC彩妆,唇部,唇釉,哑光唇釉,44.55,89.9,0,0,259,259
99040102381 ,4712382806243 ,Biocrown百匡・橄榄卸妆油250ML,100,广东快客电子商务有限公司,TC护肤,卸妆,面部卸妆,卸妆油,43.84,89.9,0,0,22,22
1302100030004 ,6971113340748 ,16布兰德・少女杂志百变眼影3号2G,116,深圳市盟客供应链科技有限公司,TC彩妆,眼影,多色眼影,2-8色,43.4,69.9,0,0,9,9
13020100189 ,8809402285402 ,too cool for school涂酷・格子魔力唇彩#12 4.8ml,100,广东快客电子商务有限公司,TC彩妆,唇部,唇釉,亮面唇釉,42.72,79.9,0,0,10,10
13020100195 ,8809402285426 ,too cool for school涂酷・格子魔力唇彩#14 4.8ml,116,深圳市盟客供应链科技有限公司,TC彩妆,唇部,唇釉,亮面唇釉,42.72,79.9,0,0,22,22
1303010040028 ,8809402280643 ,too cool for school涂酷・格子魔力唇彩#5 4.8ml,116,深圳市盟客供应链科技有限公司,TC彩妆,唇部,唇釉,亮面唇釉,42.72,79.9,0,100,19,119
13020100186 ,8809402283941 ,too cool for school涂酷・格子魔力唇彩#8 4.8ml,116,深圳市盟客供应链科技有限公司,TC彩妆,唇部,唇釉,亮面唇釉,42.72,79.9,0,100,191,291
13020100187 ,8809402283958 ,too cool for school涂酷・格子魔力唇彩#9 4.8ml,116,深圳市盟客供应链科技有限公司,TC彩妆,唇部,唇釉,亮面唇釉,42.72,79.9,0,0,6,6
1305040010002 ,4549339701227 ,LB艾瑞碧・媚姿晶钻ㄠ眼线胶笔 珠光巧克力棕0.1G,100,广东快客电子商务有限公司,TC彩妆,眼部,眼线,眼线胶笔,41.58,79.9,0,0,5,5
1302030010316 ,6921623737378 ,Pramy柏瑞美・梦幻星河波光口红5# 3.5g,116,深圳市盟客供应链科技有限公司,TC彩妆,唇部,口红,哑光口红,40.68,89.9,0,5,0,5
1302030010317 ,6921623737453 ,Pramy柏瑞美・梦幻星河波光口红6# 3.5g,116,深圳市盟客供应链科技有限公司,TC彩妆,唇部,口红,哑光口红,40.68,89.9,0,15,0,15
1302030010108 ,6921623737132 ,Pramy柏瑞美・梦幻星河波光口红T03 3.5g,116,深圳市盟客供应链科技有限公司,TC彩妆,唇部,口红,哑光口红,40.68,89.9,0,95,7,102
1302030010109 ,6921623737149 ,Pramy柏瑞美・梦幻星河波光口红T04 3.5g,116,深圳市盟客供应链科技有限公司,TC彩妆,唇部,口红,哑光口红,40.68,89.9,0,5,3,8
1302030020024 ,4901008309514 ,CANMAKE肯美・丝润丰润唇膏02 2.7g,116,深圳市盟客供应链科技有限公司,TC彩妆,唇部,淡彩,淡彩,40.28,75.9,0,0,27,27
1302030020024 ,4901008309514 ,CANMAKE肯美・丝润丰润唇膏02 2.7g,100,广东快客电子商务有限公司,TC彩妆,唇部,淡彩,淡彩,40.28,75.9,0,0,6,6
1302030020029 ,4901008309576 ,CANMAKE肯美・丝润丰润唇膏10 2.7g,116,深圳市盟客供应链科技有限公司,TC彩妆,唇部,淡彩,淡彩,40.28,75.9,0,2,11,13
1303020040040 ,8809387478059 ,Pramy柏瑞美・柔雾遮瑕液2# 1.8ml,116,深圳市盟客供应链科技有限公司,TC彩妆,局部,遮瑕,遮瑕液,40.27,89.9,0,1,5,6
13010200241 ,4902806314540 ,Bifesta缤若诗・美肌卸妆液-透亮300ML,100,广东快客电子商务有限公司,TC护肤,卸妆,面部卸妆,卸妆水,40,69.9,0,0,40,40
13030400101005 ,6957317609591 ,Front Cover・定情水保湿定妆喷雾 30g,116,深圳市盟客供应链科技有限公司,TC彩妆,底妆,定妆,定妆喷雾,40,79.9,0,29,0,29
1303010040017 ,6971538071067 ,Wet n wild・聚光灯气垫粉底液象牙白P106A 15g,116,深圳市盟客供应链科技有限公司,TC彩妆,底妆,粉底,气垫,39.6,79.9,0,415,338,753
1302030010335 ,6971419432680 ,SO COOL SO ME ・ 出街不会输的口红 26#SL-26 大众情人 3g,100,广东快客电子商务有限公司,TC彩妆,唇部,口红,亮面口红,39.5,79.9,0,0,5,5
1302030010336 ,6971419432741 ,SO COOL SO ME ・ 出街不会输的口红 32#ML-05 狂想 3g,116,深圳市盟客供应链科技有限公司,TC彩妆,唇部,口红,哑光口红,39.5,79.9,0,204,872,1076
1302030010330 ,6971419432475 ,SO COOL SO ME ・ 出街不会输的口红 5#SL-05 信仰者 3g,100,广东快客电子商务有限公司,TC彩妆,唇部,口红,亮面口红,39.5,79.9,0,0,5,5
1303020010089 ,6971419433403 ,SO COOL SO ME ・ 让自拍自带星光颊彩 3# HL-06魔法之域 7g,116,深圳市盟客供应链科技有限公司,TC彩妆,局部,高光,高光粉,39.5,79.9,0,0,1064,1064
13020300101109 ,6971419432826 ,SO COOL SO ME・  出街不会输的口红  40#ML-13 高手  3g,116,深圳市盟客供应链科技有限公司,TC彩妆,唇部,口红,哑光口红,39.5,79.9,0,0,1300,1300
13020300101107 ,6971419432550 ,SO COOL SO ME・  出街不会输的口红 13#SL-13  布达佩斯  3g,116,深圳市盟客供应链科技有限公司,TC彩妆,唇部,口红,亮面口红,39.5,79.9,0,0,892,892
13020300101108 ,6971419432758 ,SO COOL SO ME・  出街不会输的口红 33#ML-06 大师  3g,116,深圳市盟客供应链科技有限公司,TC彩妆,唇部,口红,哑光口红,39.5,79.9,0,0,1201,1201
13020300101106 ,6971419432765 ,SO COOL SO ME・  出街不会输的口红 34#ML-07喜剧  3g,116,深圳市盟客供应链科技有限公司,TC彩妆,唇部,口红,哑光口红,39.5,79.9,0,588,743,1331
13020300101110 ,6971419432833 ,SO COOL SO ME・  出街不会输的口红 41#ML-14 追光  3g,116,深圳市盟客供应链科技有限公司,TC彩妆,唇部,口红,哑光口红,39.5,79.9,0,492,789,1281
13020300101105 ,6971419432734 ,SO COOL SO ME・ 出街不会输的口红 31#ML-04 偏爱  3g,116,深圳市盟客供应链科技有限公司,TC彩妆,唇部,口红,哑光口红,39.5,79.9,0,522,637,1159
13020100401096 ,6957317629414 ,Front Cover・隐秘力量润泽锁色唇釉041 6ml,116,深圳市盟客供应链科技有限公司,TC彩妆,唇部,唇釉,哑光唇釉,39,139,0,78,23,101
13020100401097 ,6957317629438 ,Front Cover・隐秘力量润泽锁色唇釉043 6ml,116,深圳市盟客供应链科技有限公司,TC彩妆,唇部,唇釉,哑光唇釉,39,139,0,80,79,159
13020100401098 ,6957317629445 ,Front Cover・隐秘力量润泽锁色唇釉044 6ml,116,深圳市盟客供应链科技有限公司,TC彩妆,唇部,唇釉,哑光唇釉,39,139,0,78,81,159
13020100401099 ,6957317629452 ,Front Cover・隐秘力量润泽锁色唇釉045 6ml,116,深圳市盟客供应链科技有限公司,TC彩妆,唇部,唇釉,哑光唇釉,39,139,0,80,26,106
13020100401100 ,6957317629483 ,Front Cover・隐秘力量润泽锁色唇釉048 6ml,116,深圳市盟客供应链科技有限公司,TC彩妆,唇部,唇釉,哑光唇釉,39,139,0,78,18,96
13020100401101 ,6957317629490 ,Front Cover・隐秘力量润泽锁色唇釉049 6ml,116,深圳市盟客供应链科技有限公司,TC彩妆,唇部,唇釉,哑光唇釉,39,139,0,77,26,103
1302010040075 ,850004968918 ,Moontea・亮采丝绒唇釉01#茶蘼绽放 8ml,116,深圳市盟客供应链科技有限公司,TC彩妆,唇部,唇釉,哑光唇釉,39,59.9,0,85,0,85
1302010040076 ,850004968925 ,Moontea・亮采丝绒唇釉02#被迷住 8ml,116,深圳市盟客供应链科技有限公司,TC彩妆,唇部,唇釉,哑光唇釉,39,59.9,0,650,0,650
1302010040077 ,850004968932 ,Moontea・亮采丝绒唇釉03#假正经 8ml,116,深圳市盟客供应链科技有限公司,TC彩妆,唇部,唇釉,哑光唇釉,39,59.9,0,180,0,180
1302010040078 ,850004968949 ,Moontea・亮采丝绒唇釉04#蔻花小姐 8ml,116,深圳市盟客供应链科技有限公司,TC彩妆,唇部,唇釉,哑光唇釉,39,59.9,0,574,0,574
1302010040079 ,850004968956 ,Moontea・亮采丝绒唇釉05#血月暮色 8ml,116,深圳市盟客供应链科技有限公司,TC彩妆,唇部,唇釉,哑光唇釉,39,59.9,0,0,28,28
1302010040081 ,850004968970 ,Moontea・亮采丝绒唇釉07#古着英特吉 8ml,116,深圳市盟客供应链科技有限公司,TC彩妆,唇部,唇釉,哑光唇釉,39,59.9,0,834,0,834
1302010040082 ,850004968987 ,Moontea・亮采丝绒唇釉08#私人絮语 8ml,116,深圳市盟客供应链科技有限公司,TC彩妆,唇部,唇釉,哑光唇釉,39,59.9,0,15,0,15
1303010050028 ,6926799609887 ,Za姬芮・新焕真皙美白隔离霜 35g,116,深圳市盟客供应链科技有限公司,TC彩妆,底妆,妆前,隔离霜,38.75,69.9,0,244,135,379
1303010050028 ,6926799609887 ,Za姬芮・新焕真皙美白隔离霜 35g,100,广东快客电子商务有限公司,TC彩妆,底妆,妆前,隔离霜,38.75,69.9,0,0,130,130
13021300061 ,6944635142282 ,MISSHA谜尚・水感润采气垫BB粉凝霜23号15G,116,深圳市盟客供应链科技有限公司,TC彩妆,底妆,粉底,气垫,38.58,69.9,0,70,0,70
1302030010014 ,8859178714651 ,Mistine蜜丝婷・爱慕纯漾鎏金口红05号3.4G,100,广东快客电子商务有限公司,TC彩妆,唇部,口红,哑光口红,38.27,79.9,0,0,10,10
1302030010015 ,8859178714668 ,Mistine蜜丝婷・爱慕纯漾鎏金口红06号3.4G,100,广东快客电子商务有限公司,TC彩妆,唇部,口红,哑光口红,38.27,79.9,0,0,12,12
1302030010016 ,8859178714675 ,Mistine蜜丝婷・爱慕纯漾鎏金口红07号3.4G,100,广东快客电子商务有限公司,TC彩妆,唇部,口红,哑光口红,38.27,79.9,0,0,9,9
1302030010017 ,8859178714774 ,Mistine蜜丝婷・爱慕纯漾鎏金口红09号3.4G,100,广东快客电子商务有限公司,TC彩妆,唇部,口红,哑光口红,38.27,79.9,0,0,12,12
13020300101180 ,6957317629018 ,Front Cover・星系之吻螺旋唇膏001 2.8g,116,深圳市盟客供应链科技有限公司,TC彩妆,唇部,口红,亮面口红,38,129,0,82,54,136
1303010040046 ,6971053257021 ,Judydoll橘朵・沁润柔光粉底液#23 30g,100,广东快客电子商务有限公司,TC彩妆,底妆,粉底,粉底液,38,59.9,0,0,7,7
1303010040047 ,6971053259148 ,Judydoll橘朵・沁润柔光粉底液#25 30g,100,广东快客电子商务有限公司,TC彩妆,底妆,粉底,粉底液,38,59.9,0,0,12,12
22040300101003 ,8809635330146 ,RNW如薇・植萃舒缓净肤面贴膜 27ml*10片,116,深圳市盟客供应链科技有限公司,TC面膜,盒装面膜,控油祛痘,控油祛痘,38,69.9,0,0,42,42
1303010050002 ,6958136632630 ,VOV薇欧薇・美图盈润隔离霜绿色30G,116,深圳市盟客供应链科技有限公司,TC彩妆,底妆,妆前,隔离霜,38,89.9,0,10,33,43
1302010050004 ,6926799609528 ,Za姬芮・新焕真皙美白隔离霜35G,100,广东快客电子商务有限公司,TC彩妆,底妆,妆前,隔离霜,37.44,59.9,0,1,5,6
2302010060002 ,8809458841935 ,SNP爱神菲・海洋燕窝补水去角质凝胶150ML,116,深圳市盟客供应链科技有限公司,TC护肤,功能护肤,祛角质,祛角质,36.1,69.9,0,0,782,782
13020300101173 ,6957317629063 ,Front Cover・大理石星沙润泽唇膏006 2.8g,116,深圳市盟客供应链科技有限公司,TC彩妆,唇部,口红,亮面口红,36,129,0,53,40,93
13020300101175 ,6957317629094 ,Front Cover・大理石星沙润泽唇膏009 2.8g,116,深圳市盟客供应链科技有限公司,TC彩妆,唇部,口红,亮面口红,36,129,0,55,60,115
1302030010310 ,6971014620031 ,POP KIT ・ 欲望仙境唇膏#701烈火玫瑰 3g,116,深圳市盟客供应链科技有限公司,TC彩妆,唇部,口红,哑光口红,35.2,69.9,0,48,30,78
1302030010295 ,6971014620048 ,POP KIT ・ 欲望仙境唇膏#703诱惑梅子 3g,116,深圳市盟客供应链科技有限公司,TC彩妆,唇部,口红,哑光口红,35.2,69.9,0,55,30,85
1302030010296 ,6971014620062 ,POP KIT ・ 欲望仙境唇膏#705甜吻西柚 3g,116,深圳市盟客供应链科技有限公司,TC彩妆,唇部,口红,哑光口红,35.2,69.9,0,72,0,72
1302030010297 ,6971014620055 ,POP KIT ・ 欲望仙境唇膏#707叛逆蔷薇 3g,116,深圳市盟客供应链科技有限公司,TC彩妆,唇部,口红,哑光口红,35.2,69.9,0,0,20,20
1302030010298 ,6971014620260 ,POP KIT ・ 欲望仙境唇膏#709烂漫山莓 3g,116,深圳市盟客供应链科技有限公司,TC彩妆,唇部,口红,哑光口红,35.2,69.9,0,59,26,85
1302030010299 ,6971014620345 ,POP KIT ・ 欲望仙境唇膏#711焦糖拿铁 3g,116,深圳市盟客供应链科技有限公司,TC彩妆,唇部,口红,哑光口红,35.2,69.9,0,19,30,49
1302030010300 ,6971014620543 ,POP KIT ・ 欲望仙境唇膏#712香馥豆沙 3g,116,深圳市盟客供应链科技有限公司,TC彩妆,唇部,口红,哑光口红,35.2,69.9,0,28,30,58
1302030010301 ,6971014620550 ,POP KIT ・ 欲望仙境唇膏#713热恋番茄 3g,116,深圳市盟客供应链科技有限公司,TC彩妆,唇部,口红,哑光口红,35.2,69.9,0,63,36,99
13030200301010 ,6957317629605 ,Front Cover・北极星系列马赛克立体柔光修容粉 5g,116,深圳市盟客供应链科技有限公司,TC彩妆,局部,阴影,阴影粉,35,79.9,0,0,182,182
23010200601004 ,8809635330153 ,RNW如薇・纯然匀透眼霜 25ml,116,深圳市盟客供应链科技有限公司,TC护肤,眼部护理,眼霜,祛黑眼圈,35,79.9,0,32,133,165
1303010080004 ,6958136632678 ,VOV薇欧薇・保湿修颜霜 21号象牙白30G,116,深圳市盟客供应链科技有限公司,TC彩妆,底妆,妆前,妆前乳,35,89.9,0,0,23,23
1303010080005 ,6958136632753 ,VOV薇欧薇・保湿修颜霜 23号自然色30G,116,深圳市盟客供应链科技有限公司,TC彩妆,底妆,妆前,妆前乳,35,89.9,0,5,0,5
2303020010001 ,4904722201126 ,ALOVIV欧莱薇・薏米美容水500ml,100,广东快客电子商务有限公司,TC护肤,化妆水,补水保湿化妆水,补水保湿化妆水,34.8,59.9,0,0,20,20
13010200251 ,4902806314946 ,Bifesta缤若诗・眼唇卸妆液145ML,100,广东快客电子商务有限公司,TC护肤,卸妆,眼唇专用,卸妆水,34.5,49.9,0,0,154,154
13030100301014 ,6971555169105 ,ZEESEA滋色・清透丝盈粉饼（AM00浅肤色）13g,116,深圳市盟客供应链科技有限公司,TC彩妆,底妆,定妆,粉饼,34.25,69.9,0,1197,2816,4013
1303010030026 ,6971555166197 ,ZEESEA滋色・清透丝盈粉饼（AM00浅肤色）13g,100,广东快客电子商务有限公司,TC彩妆,底妆,定妆,粉饼,34.25,69.9,0,3,20,23
13030100301013 ,6971555169112 ,ZEESEA滋色・清透丝盈粉饼（AM01象牙白）13g,116,深圳市盟客供应链科技有限公司,TC彩妆,底妆,定妆,粉饼,34.25,69.9,0,2843,88,2931
1303010030025 ,6971555166173 ,ZEESEA滋色・清透丝盈粉饼（AM01象牙白）13g,100,广东快客电子商务有限公司,TC彩妆,底妆,定妆,粉饼,34.25,69.9,0,0,15,15
13020300101182 ,6957317629131 ,Front Cover・水星珠光彩唇膏013 2.8g,116,深圳市盟客供应链科技有限公司,TC彩妆,唇部,口红,亮面口红,34,109,0,85,75,160
13020300101181 ,6957317629124 ,Front Cover・水星珠光臻彩唇膏012 2.8g,116,深圳市盟客供应链科技有限公司,TC彩妆,唇部,口红,亮面口红,34,109,0,86,105,191
13020300101183 ,6957317629148 ,Front Cover・水星珠光臻彩唇膏014 2.8g,116,深圳市盟客供应链科技有限公司,TC彩妆,唇部,口红,亮面口红,34,109,0,57,5,62
13020300101184 ,6957317629155 ,Front Cover・水星珠光臻彩唇膏015 2.8g,116,深圳市盟客供应链科技有限公司,TC彩妆,唇部,口红,亮面口红,34,109,0,85,77,162
13020300101178 ,6957317629377 ,Front Cover・维纳缌摇滚哑光唇膏037 2.8g,116,深圳市盟客供应链科技有限公司,TC彩妆,唇部,口红,哑光口红,34,89.9,0,0,27,27
13020300101169 ,6957317629810 ,Front Cover・维纳缌波普哑光唇膏081 2.8g,116,深圳市盟客供应链科技有限公司,TC彩妆,唇部,口红,亮面口红,34,99,0,42,0,42
13020300101170 ,6957317629841 ,Front Cover・维纳缌波普哑光唇膏084 2.8g,116,深圳市盟客供应链科技有限公司,TC彩妆,唇部,口红,亮面口红,34,99,0,51,35,86
13020300101171 ,6957317629865 ,Front Cover・维纳缌波普哑光唇膏085 2.8g,116,深圳市盟客供应链科技有限公司,TC彩妆,唇部,口红,亮面口红,34,99,0,54,44,98
13020300101172 ,6957317629889 ,Front Cover・维纳缌波普哑光唇膏088 2.8g,116,深圳市盟客供应链科技有限公司,TC彩妆,唇部,口红,亮面口红,34,99,0,53,39,92
2307010010004 ,8809485971896 ,UNNY悠宜・轻柔净肤卸妆膏95ML,116,深圳市盟客供应链科技有限公司,TC护肤,卸妆,面部卸妆,卸妆膏,34,59.9,0,29,4,33
2304030070010 ,4971710799699 ,Kose高丝・SOFTYMO洗面霜150G,100,广东快客电子商务有限公司,TC护肤,洁面,洁面乳,温和,33.29,49.9,0,0,13,13
13020500021 ,6948237050013 ,KISSME・纤细眼线笔01黑色0.1G,100,广东快客电子商务有限公司,TC彩妆,眼部,眼线,眼线胶笔,32.89,56.9,0,2,30,32
1303020040003 ,8809485970837 ,UNNY悠宜・水润遮瑕液1#亮白色7.5g,100,广东快客电子商务有限公司,TC彩妆,局部,遮瑕,遮瑕液,32.89,69.9,0,15,22,37
1303020040002 ,8809485970844 ,UNNY悠宜・水润遮瑕液1.5#7.5g,100,广东快客电子商务有限公司,TC彩妆,局部,遮瑕,遮瑕液,32.89,69.9,0,3,54,57
1302030010054 ,88634015294 ,MOODMatcher唇膏・棕-番茄红3.5G,100,广东快客电子商务有限公司,TC彩妆,唇部,口红,哑光口红,32.43,69.9,0,0,9,9
1302030010055 ,88634015072 ,MOODMatcher唇膏・橙-珊瑚红3.5G,116,深圳市盟客供应链科技有限公司,TC彩妆,唇部,口红,哑光口红,32.43,69.9,0,7,84,91
1302030010055 ,88634015072 ,MOODMatcher唇膏・橙-珊瑚红3.5G,100,广东快客电子商务有限公司,TC彩妆,唇部,口红,哑光口红,32.43,69.9,0,0,8,8
1302030010058 ,88634015058 ,MOODMatcher唇膏・深蓝-玫瑰紫罗兰3.5G,100,广东快客电子商务有限公司,TC彩妆,唇部,口红,哑光口红,32.43,69.9,0,0,9,9
1302030010061 ,88634015126 ,MOODMatcher唇膏・粉-婴儿粉3.5G,116,深圳市盟客供应链科技有限公司,TC彩妆,唇部,口红,哑光口红,32.43,69.9,0,6,0,6
1302030010061 ,88634015126 ,MOODMatcher唇膏・粉-婴儿粉3.5G,100,广东快客电子商务有限公司,TC彩妆,唇部,口红,哑光口红,32.43,69.9,0,0,9,9
1302030010059 ,88634015119 ,MOODMatcher唇膏・紫-莓紫红3.5G,116,深圳市盟客供应链科技有限公司,TC彩妆,唇部,口红,哑光口红,32.43,69.9,0,13,143,156
1302030010059 ,88634015119 ,MOODMatcher唇膏・紫-莓紫红3.5G,100,广东快客电子商务有限公司,TC彩妆,唇部,口红,哑光口红,32.43,69.9,0,0,10,10
1302030010060 ,88634015287 ,MOODMatcher唇膏・红-西瓜红3.5G,116,深圳市盟客供应链科技有限公司,TC彩妆,唇部,口红,哑光口红,32.43,69.9,0,5,115,120
1302030010060 ,88634015287 ,MOODMatcher唇膏・红-西瓜红3.5G,100,广东快客电子商务有限公司,TC彩妆,唇部,口红,哑光口红,32.43,69.9,0,0,5,5
1302030010056 ,88634011180 ,MOODMatcher唇膏・黑-李子色3.5G,116,深圳市盟客供应链科技有限公司,TC彩妆,唇部,口红,哑光口红,32.43,69.9,0,7,80,87
1302030010056 ,88634011180 ,MOODMatcher唇膏・黑-李子色3.5G,100,广东快客电子商务有限公司,TC彩妆,唇部,口红,哑光口红,32.43,69.9,0,0,11,11
1302030010057 ,88634015027 ,MoodMatcher唇膏・绿-玫瑰红3.5G,100,广东快客电子商务有限公司,TC彩妆,唇部,口红,哑光口红,32.43,69.9,0,0,8,8
1302030010057 ,88634015027 ,MoodMatcher唇膏・绿-玫瑰红3.5G,116,深圳市盟客供应链科技有限公司,TC彩妆,唇部,口红,哑光口红,32.43,69.9,0,9,103,112
1305050030038 ,5060503756557 ,W7・十二色火焰眼影盘15.6g,100,广东快客电子商务有限公司,TC彩妆,眼影,多色眼影,9-16色,32.39,69.9,0,0,20,20
1305050030039 ,5060294396291 ,W7・十二色裸色眼影盘15.6g,100,广东快客电子商务有限公司,TC彩妆,眼影,多色眼影,9-16色,32.39,69.9,0,0,9,9
1305050030040 ,5060503777514 ,W7・樱桃丽人十二色眼影盘15.6g,100,广东快客电子商务有限公司,TC彩妆,眼影,多色眼影,9-16色,32.39,69.9,0,0,7,7
2304030040007 ,8806334368531 ,HOLIKA惑丽客・苏打净透泡沫洁面乳150ML,100,广东快客电子商务有限公司,TC护肤,洁面,洁面乳,深层清洁,32.23,69.9,0,0,29,29
1302010040088 ,6935778564895 ,CATKIN卡婷・念奴娇唇釉C02暖堂春 4.2g,116,深圳市盟客供应链科技有限公司,TC彩妆,唇部,唇釉,哑光唇釉,32.13,69.9,0,5,0,5
1302010040087 ,6935778564901 ,CATKIN卡婷・念奴娇唇釉C03胭脂扣 4.2g,100,广东快客电子商务有限公司,TC彩妆,唇部,唇釉,哑光唇釉,32.13,69.9,0,0,48,48
13020100341 ,8806164118207 ,TheSaem得鲜・爱可按钮唇膏02#完美珊瑚红色2G,100,广东快客电子商务有限公司,TC彩妆,唇部,口红,亮面口红,32,59.9,0,0,32,32
13020100351 ,8806164118214 ,TheSaem得鲜・爱可按钮唇膏03#笑容橙色2G,100,广东快客电子商务有限公司,TC彩妆,唇部,口红,亮面口红,32,59.9,0,0,15,15
13020100411 ,8806164120903 ,TheSaem得鲜・爱可按钮干爽唇膏M05红围巾色2G,116,深圳市盟客供应链科技有限公司,TC彩妆,唇部,口红,哑光口红,32,69.9,0,266,0,266
13020100411 ,8806164120903 ,TheSaem得鲜・爱可按钮干爽唇膏M05红围巾色2G,100,广东快客电子商务有限公司,TC彩妆,唇部,口红,哑光口红,32,69.9,0,0,50,50
13020100331 ,8806164118191 ,得鲜 爱可按钮唇膏01#热吻红色,100,广东快客电子商务有限公司,TC彩妆,唇部,口红,亮面口红,32,59.9,0,0,25,25
13020100371 ,8806164118276 ,得鲜 爱可按钮唇膏09#咖啡棕色,100,广东快客电子商务有限公司,TC彩妆,唇部,口红,亮面口红,32,59.9,0,0,25,25
1303020020049 ,6921623736920 ,Pramy柏瑞美・满天星钻幻彩液体腮红03蜂蜜罐头 6ml,116,深圳市盟客供应链科技有限公司,TC彩妆,局部,腮红,液体腮红,31.64,69.9,0,94,55,149
1305050030004 ,6971538077601 ,Wet n Wild・幻彩元素十色眼影盘日落大道P760 10G,116,深圳市盟客供应链科技有限公司,TC彩妆,眼影,多色眼影,9-16色,31.6,69.9,0,63,0,63
2304030070007 ,4589919560950 ,Angel Recipe安姬蜜・奢养水润洁面乳90G,116,深圳市盟客供应链科技有限公司,TC护肤,洁面,洁面乳,补水保湿,31.19,49.9,0,0,5,5
13050100301003 ,8809585380864 ,EYECROWN艾珂兰・ 哈德凯丽睫毛膏 丰盈国王 BK1201 5ml,116,深圳市盟客供应链科技有限公司,TC彩妆,眼部,睫毛,卷翘睫毛膏,31.05,69.9,0,48,88,136
13050100201004 ,8809585380888 ,EYECROWN艾珂兰・ 哈德凯丽睫毛膏 卷翘明星 BK1203 5ml,116,深圳市盟客供应链科技有限公司,TC彩妆,眼部,睫毛,卷翘睫毛膏,31.05,69.9,0,12,70,82
13050100601011 ,8809585380871 ,EYECROWN艾珂兰・ 哈德凯丽睫毛膏 纤长女王 BK1202 5ml,116,深圳市盟客供应链科技有限公司,TC彩妆,眼部,睫毛,卷翘睫毛膏,31.05,69.9,0,10,108,118
13050100201005 ,8809585380925 ,EYECROWN艾珂兰・ 秀型睫毛膏 玫瑰酒红色 BR0201 5ml,116,深圳市盟客供应链科技有限公司,TC彩妆,眼部,睫毛,卷翘睫毛膏,31.05,69.9,0,8,111,119
13050200301001 ,8809585380932 ,EYECROWN艾珂兰・ 秀美眉毛膏 粉棕色 BR0201 5ml,116,深圳市盟客供应链科技有限公司,TC彩妆,眼部,染眉膏,染眉膏,31.05,69.9,0,14,26,40
13050200301002 ,8809585380956 ,EYECROWN艾珂兰・ 秀美眉毛膏 蜜棕色 BR0203 5ml,116,深圳市盟客供应链科技有限公司,TC彩妆,眼部,染眉膏,染眉膏,31.05,69.9,0,0,86,86
1302030010467 ,6971014620529 ,POP KIT ・ 闪光星动金属唇膏 #203 宝石 2.5g,116,深圳市盟客供应链科技有限公司,TC彩妆,唇部,口红,亮面口红,30.8,65.9,0,1,6,7
1302030010468 ,6971014620536 ,POP KIT ・ 闪光星动金属唇膏 #204 星空 2.5g,116,深圳市盟客供应链科技有限公司,TC彩妆,唇部,口红,亮面口红,30.8,65.9,0,34,0,34
1302030010470 ,6971014620574 ,POP KIT ・ 闪光星动金属唇膏 #206 血钻 2.5g,116,深圳市盟客供应链科技有限公司,TC彩妆,唇部,口红,亮面口红,30.8,65.9,0,14,12,26
1305050030122 ,6926309381029 ,FLORTTE花洛莉亚・ MOMENT即刻即可四色眼影ALWAYS 1.8g*4,116,深圳市盟客供应链科技有限公司,TC彩妆,眼影,多色眼影,2-8色,30,69.9,0,170,0,170
1305050030123 ,6926309381036 ,FLORTTE花洛莉亚・ MOMENT即刻即可四色眼影DAILY 1.8g*4,116,深圳市盟客供应链科技有限公司,TC彩妆,眼影,多色眼影,2-8色,30,69.9,0,168,0,168
1305050030126 ,6971053259476 ,Judydoll橘朵・随心组合四色眼影#24 4.8g,100,广东快客电子商务有限公司,TC彩妆,眼影,多色眼影,2-8色,30,56.9,0,3,20,23
1303010070018 ,6970298004117 ,SIVANNA COLORS思薇娜・光泽亮肤四合一散粉 4*4g,100,广东快客电子商务有限公司,TC彩妆,底妆,定妆,散粉,30,69.9,0,0,6,6
13020300101144 ,6935778567384 ,CATKIN卡婷・卡婷点绛唇口红 CO149相见欢3.6g,116,深圳市盟客供应链科技有限公司,TC彩妆,唇部,口红,哑光口红,29.75,79.9,0,0,453,453
13020300101145 ,6935778567711 ,CATKIN卡婷・卡婷点绛唇口红 CO150君不知3.6g,116,深圳市盟客供应链科技有限公司,TC彩妆,唇部,口红,哑光口红,29.75,79.9,0,0,413,413
13020300101142 ,6935778567360 ,CATKIN卡婷・卡婷点绛唇口红 CR147倾城恋3.6g,116,深圳市盟客供应链科技有限公司,TC彩妆,唇部,口红,哑光口红,29.75,79.9,0,0,428,428
13020300101143 ,6935778567377 ,CATKIN卡婷・卡婷点绛唇口红 CR148朝暮思3.6g,116,深圳市盟客供应链科技有限公司,TC彩妆,唇部,口红,哑光口红,29.75,79.9,0,0,519,519
1302030010126 ,6935778564680 ,CATKIN卡婷・点绛唇口红CO131杏橘洲头 3.6g,116,深圳市盟客供应链科技有限公司,TC彩妆,唇部,口红,亮面口红,29.75,79.9,0,0,874,874
1302030010135 ,6935778565199 ,CATKIN卡婷・点绛唇口红CO137碧玉妆成 3.6g,100,广东快客电子商务有限公司,TC彩妆,唇部,口红,哑光口红,29.75,79.9,0,0,7,7
1302030010135 ,6935778565199 ,CATKIN卡婷・点绛唇口红CO137碧玉妆成 3.6g,116,深圳市盟客供应链科技有限公司,TC彩妆,唇部,口红,哑光口红,29.75,79.9,0,42,0,42
1302030010132 ,6935778564468 ,CATKIN卡婷・点绛唇口红CP126锦瑟桃花 3.6g,116,深圳市盟客供应链科技有限公司,TC彩妆,唇部,口红,亮面口红,29.75,79.9,0,0,370,370
1302030010131 ,6935778564475 ,CATKIN卡婷・点绛唇口红CP127豆蔻年华 3.6g,116,深圳市盟客供应链科技有限公司,TC彩妆,唇部,口红,亮面口红,29.75,79.9,0,72,20,92
1302030010130 ,6935778564994 ,CATKIN卡婷・点绛唇口红CP133千里婵娟 3.6g,116,深圳市盟客供应链科技有限公司,TC彩妆,唇部,口红,亮面口红,29.75,79.9,0,195,100,295
1302030010067 ,8809485973487 ,UNNY悠宜・黑方口红M01-牛血色3.5g,116,深圳市盟客供应链科技有限公司,TC彩妆,唇部,唇釉,哑光唇釉,29.7,69.9,0,1008,746,1754
1302030010067 ,8809485973487 ,UNNY悠宜・黑方口红M01-牛血色3.5g,100,广东快客电子商务有限公司,TC彩妆,唇部,唇釉,哑光唇釉,29.7,69.9,0,5,46,51
1302030010065 ,8809485973494 ,UNNY悠宜・黑方口红M02-枫叶红3.5g,100,广东快客电子商务有限公司,TC彩妆,唇部,唇釉,哑光唇釉,29.7,69.9,0,6,11,17
1302030010065 ,8809485973494 ,UNNY悠宜・黑方口红M02-枫叶红3.5g,116,深圳市盟客供应链科技有限公司,TC彩妆,唇部,唇釉,哑光唇釉,29.7,69.9,0,752,422,1174
1302030010069 ,8809485973500 ,UNNY悠宜・黑方口红M03-正红色3.5g,116,深圳市盟客供应链科技有限公司,TC彩妆,唇部,唇釉,哑光唇釉,29.7,69.9,0,1280,365,1645
1302030010069 ,8809485973500 ,UNNY悠宜・黑方口红M03-正红色3.5g,100,广东快客电子商务有限公司,TC彩妆,唇部,唇釉,哑光唇釉,29.7,69.9,0,0,15,15
1302030010068 ,8809485973517 ,UNNY悠宜・黑方口红M04-蔷薇红3.5g,116,深圳市盟客供应链科技有限公司,TC彩妆,唇部,唇釉,哑光唇釉,29.7,69.9,0,511,37,548
1302030010068 ,8809485973517 ,UNNY悠宜・黑方口红M04-蔷薇红3.5g,100,广东快客电子商务有限公司,TC彩妆,唇部,唇釉,哑光唇釉,29.7,69.9,0,0,5,5
1302030010066 ,8809485973524 ,UNNY悠宜・黑方口红M05-玫瑰豆沙色3.5g,100,广东快客电子商务有限公司,TC彩妆,唇部,唇釉,哑光唇釉,29.7,69.9,0,0,11,11
1302030010066 ,8809485973524 ,UNNY悠宜・黑方口红M05-玫瑰豆沙色3.5g,116,深圳市盟客供应链科技有限公司,TC彩妆,唇部,唇釉,哑光唇釉,29.7,69.9,0,348,229,577
1303010040061 ,6971555168603 ,ZEESEA滋色・恒效无瑕粉底液MW2,116,深圳市盟客供应链科技有限公司,TC彩妆,底妆,粉底,粉底液,29.7,79.9,0,100,110,210
1305050030001 ,6958136632821 ,VOV薇欧薇・琉光艺彩六色眼影E01#4.5G,116,深圳市盟客供应链科技有限公司,TC彩妆,眼影,多色眼影,2-8色,29.5,59.9,0,6,0,6
1305050030001 ,6958136632821 ,VOV薇欧薇・琉光艺彩六色眼影E01#4.5G,100,广东快客电子商务有限公司,TC彩妆,眼影,多色眼影,2-8色,29.5,59.9,0,0,5,5
1305050030002 ,6958136632838 ,VOV薇欧薇・琉光艺彩六色眼影E02#4.5G,100,广东快客电子商务有限公司,TC彩妆,眼影,多色眼影,2-8色,29.5,59.9,0,0,8,8
1305050030002 ,6958136632838 ,VOV薇欧薇・琉光艺彩六色眼影E02#4.5G,116,深圳市盟客供应链科技有限公司,TC彩妆,眼影,多色眼影,2-8色,29.5,59.9,0,4,6,10
1302010040105 ,6971555166326 ,ZEESEA滋色・琉璃水光唇釉S722 5ml,116,深圳市盟客供应链科技有限公司,TC彩妆,唇部,唇釉,亮面唇釉,29.5,69.9,0,1,480,481
1302010040105 ,6971555166326 ,ZEESEA滋色・琉璃水光唇釉S722 5ml,100,广东快客电子商务有限公司,TC彩妆,唇部,唇釉,亮面唇釉,29.5,69.9,0,0,60,60
1302010040106 ,6971555166333 ,ZEESEA滋色・琉璃水光唇釉S725 5ml,116,深圳市盟客供应链科技有限公司,TC彩妆,唇部,唇釉,亮面唇釉,29.5,69.9,0,94,37,131
1302010040107 ,6971555166340 ,ZEESEA滋色・琉璃水光唇釉S726 5ml,116,深圳市盟客供应链科技有限公司,TC彩妆,唇部,唇釉,亮面唇釉,29.5,69.9,0,125,71,196
1302010040108 ,6971555166357 ,ZEESEA滋色・琉璃水光唇釉S727 5ml,116,深圳市盟客供应链科技有限公司,TC彩妆,唇部,唇釉,亮面唇釉,29.5,69.9,0,1,54,55
1302010040109 ,6971555166364 ,ZEESEA滋色・琉璃水光唇釉S728 5ml,116,深圳市盟客供应链科技有限公司,TC彩妆,唇部,唇釉,亮面唇釉,29.5,69.9,0,0,5,5
1302010040110 ,6971555166371 ,ZEESEA滋色・琉璃水光唇釉S729 5ml,116,深圳市盟客供应链科技有限公司,TC彩妆,唇部,唇釉,亮面唇釉,29.5,69.9,0,171,53,224
1303010060028 ,6971555166418 ,ZEESEA滋色・花漾气垫BB霜W02遮瑕型 15g,100,广东快客电子商务有限公司,TC彩妆,底妆,粉底,气垫,29.36,79.9,0,1,16,17
1303010070034 ,6926309380770 ,FLORTTE花洛莉亚・润泽丝绒散粉 G01# luminary ivory 微珠光透明色  12g,116,深圳市盟客供应链科技有限公司,TC彩妆,底妆,定妆,散粉,29.2,69.9,0,5,0,5
1305040020028 ,8809485970776 ,UNNY悠宜・纤细眼线液笔A01 0.6g,100,广东快客电子商务有限公司,TC彩妆,男士彩妆,眼部,眼线液笔,28.4,59.9,0,2,52,54
1305040020029 ,8809485970783 ,UNNY悠宜・纤细眼线液笔A02 0.6g,100,广东快客电子商务有限公司,TC彩妆,男士彩妆,眼部,眼线液笔,28.4,59.9,0,0,44,44
13011100041 ,8806182535451 ,菲诗小铺・大米调理保湿柔肤水150ML,100,广东快客电子商务有限公司,TC护肤,化妆水,功能性化妆水,功能性化妆水,28.31,49.9,0,0,25,25
13011100041 ,8806182535451 ,菲诗小铺・大米调理保湿柔肤水150ML,116,深圳市盟客供应链科技有限公司,TC护肤,化妆水,功能性化妆水,功能性化妆水,28.31,49.9,0,128,0,128
1302010040051 ,8809485973555 ,UNNY悠宜・琉光幻镜唇釉101-锦鲤色4g,100,广东快客电子商务有限公司,TC彩妆,唇部,唇釉,亮面唇釉,28.05,69.9,0,0,8,8
1302010040051 ,8809485973555 ,UNNY悠宜・琉光幻镜唇釉101-锦鲤色4g,116,深圳市盟客供应链科技有限公司,TC彩妆,唇部,唇釉,亮面唇釉,28.05,69.9,0,3,69,72
1302010040045 ,8809485973562 ,UNNY悠宜・琉光幻镜唇釉102-金鱼火花4g,116,深圳市盟客供应链科技有限公司,TC彩妆,唇部,唇釉,亮面唇釉,28.05,69.9,0,471,52,523
1302010040045 ,8809485973562 ,UNNY悠宜・琉光幻镜唇釉102-金鱼火花4g,100,广东快客电子商务有限公司,TC彩妆,唇部,唇釉,亮面唇釉,28.05,69.9,0,0,6,6
1302010040046 ,8809485973579 ,UNNY悠宜・琉光幻镜唇釉103-糖葫芦4g,116,深圳市盟客供应链科技有限公司,TC彩妆,唇部,唇釉,亮面唇釉,28.05,69,0,99,50,149
1302010040046 ,8809485973579 ,UNNY悠宜・琉光幻镜唇釉103-糖葫芦4g,100,广东快客电子商务有限公司,TC彩妆,唇部,唇釉,亮面唇釉,28.05,69,0,0,58,58
1302010040047 ,8809485973586 ,UNNY悠宜・琉光幻镜唇釉104-人鱼色4g,116,深圳市盟客供应链科技有限公司,TC彩妆,唇部,唇釉,亮面唇釉,28.05,69.9,0,53,58,111
1302010040047 ,8809485973586 ,UNNY悠宜・琉光幻镜唇釉104-人鱼色4g,100,广东快客电子商务有限公司,TC彩妆,唇部,唇釉,亮面唇釉,28.05,69.9,0,0,7,7
1302010040049 ,8809485973531 ,UNNY悠宜・琉光幻镜唇釉201-珊瑚水晶4g,116,深圳市盟客供应链科技有限公司,TC彩妆,唇部,唇釉,亮面唇釉,28.05,69.9,0,313,58,371
1302010040049 ,8809485973531 ,UNNY悠宜・琉光幻镜唇釉201-珊瑚水晶4g,100,广东快客电子商务有限公司,TC彩妆,唇部,唇釉,亮面唇釉,28.05,69.9,0,2,7,9
1302010040050 ,8809485973548 ,UNNY悠宜・琉光幻镜唇釉202-复古浆果红4g,100,广东快客电子商务有限公司,TC彩妆,唇部,唇釉,亮面唇釉,28.05,69.9,0,0,24,24
1302010040050 ,8809485973548 ,UNNY悠宜・琉光幻镜唇釉202-复古浆果红4g,116,深圳市盟客供应链科技有限公司,TC彩妆,唇部,唇釉,亮面唇釉,28.05,69.9,0,2,76,78
1305050030095 ,6970487431069 ,CAREMILLE珂曼・琉光睛彩三色眼影01蜜桃摩卡 2g,100,广东快客电子商务有限公司,TC彩妆,眼影,多色眼影,2-8色,28,59.9,0,0,8,8
1305050030096 ,6970487431076 ,CAREMILLE珂曼・琉光睛彩三色眼影02情迷勃艮第 2g,100,广东快客电子商务有限公司,TC彩妆,眼影,多色眼影,2-8色,28,59.9,0,0,8,8
1302030010210 ,6954496905407 ,CHIOTURE稚优泉・轻吻柔雾哑光口红M02 3.6g,116,深圳市盟客供应链科技有限公司,TC彩妆,唇部,口红,哑光口红,28,59.9,0,3,27,30
1302030010219 ,6954496906862 ,CHIOTURE稚优泉・轻吻柔雾哑光口红M11 3.6g,116,深圳市盟客供应链科技有限公司,TC彩妆,唇部,口红,哑光口红,28,59.9,0,20,7,27
1302030010224 ,6954496907401 ,CHIOTURE稚优泉・轻吻柔雾哑光口红M16 3.5g,116,深圳市盟客供应链科技有限公司,TC彩妆,唇部,口红,哑光口红,28,59.9,0,0,19,19
13030200101020 ,6957317629803 ,Front Cover・夜明珠高光膏01 2.8g,116,深圳市盟客供应链科技有限公司,TC彩妆,局部,高光,高光膏,28,79.9,0,0,150,150
1302010040166 ,6971053255928 ,Judydoll橘朵・镜面水光唇釉#205 3ml,100,广东快客电子商务有限公司,TC彩妆,唇部,唇釉,亮面唇釉,28,49.9,0,0,5,5
1302010040167 ,6971053255973 ,Judydoll橘朵・镜面水光唇釉#210 3ml,100,广东快客电子商务有限公司,TC彩妆,唇部,唇釉,亮面唇釉,28,49.9,0,0,5,5
1302010040164 ,6971053255997 ,Judydoll橘朵・镜面水光唇釉#212 3ml,100,广东快客电子商务有限公司,TC彩妆,唇部,唇釉,亮面唇釉,28,49.9,0,0,7,7
1302010040165 ,6971053256390 ,Judydoll橘朵・镜面水光唇釉#216 3ml,100,广东快客电子商务有限公司,TC彩妆,唇部,唇釉,亮面唇釉,28,49.9,0,0,6,6
1302010040181 ,6971053253368 ,Judydoll橘朵・镜面水光唇釉#220 3ml,100,广东快客电子商务有限公司,TC彩妆,唇部,唇釉,亮面唇釉,28,49.9,0,0,5,5
1302030010102 ,8858994475166 ,SIVANNA COLORS思薇娜・钻石星空慕斯口红02# 4g,116,深圳市盟客供应链科技有限公司,TC彩妆,唇部,口红,哑光口红,28,59.9,0,411,319,730
1302030010102 ,8858994475166 ,SIVANNA COLORS思薇娜・钻石星空慕斯口红02# 4g,100,广东快客电子商务有限公司,TC彩妆,唇部,口红,哑光口红,28,59.9,0,0,9,9
1302030010166 ,6971555164988 ,ZEESEA滋色・臻润奢缎唇膏304 3.4g,100,广东快客电子商务有限公司,TC彩妆,唇部,口红,亮面口红,27.68,76.9,0,0,19,19
2205010010001 ,8809301760871 ,Ariul艾藜儿・七天面膜套装20g*7片,116,深圳市盟客供应链科技有限公司,TC面膜,盒装面膜,补水保湿,补水保湿,27.6,49.9,0,0,840,840
1302010040030 ,6971538079278 ,Wet n Wild・持久不脱色丝绒哑光唇釉气场全开P927B6G,100,广东快客电子商务有限公司,TC彩妆,唇部,唇釉,哑光唇釉,27.6,59.9,0,0,7,7
1302010040027 ,6971538079261 ,Wet n Wild・持久不脱色丝绒哑光唇釉蓝莓之夜P926B6G,100,广东快客电子商务有限公司,TC彩妆,唇部,唇釉,哑光唇釉,27.6,59.9,0,0,7,7
1303010070003 ,6958136632760 ,VOV薇欧薇・丝滑透亮控油散粉 20透明色6G,116,深圳市盟客供应链科技有限公司,TC彩妆,底妆,定妆,散粉,27.5,69.9,0,145,0,145
13020500251 ,6947054902963 ,娥佩兰・透气蜜粉3#(紫色)10G,116,深圳市盟客供应链科技有限公司,TC彩妆,底妆,定妆,蜜粉,27.5,49.9,0,1,15,16
1302010020001 ,6971113331012 ,Chosungah22潮盛雅22・甜蜜漾彩唇颊膏 苹果红10ml,116,深圳市盟客供应链科技有限公司,TC彩妆,唇部,口红,哑光口红,27.3,59.9,0,0,43,43
1303020020053 ,6935778564505 ,CATKIN卡婷・琼姿仙鹤腮红C01醉花荫 10g,100,广东快客电子商务有限公司,TC彩妆,局部,腮红,腮红粉,27.25,69.9,0,4,8,12
1303020020051 ,6935778565151 ,CATKIN卡婷・琼姿仙鹤腮红C03海棠依旧 10g,116,深圳市盟客供应链科技有限公司,TC彩妆,局部,腮红,腮红粉,27.25,69.9,0,45,40,85
1303020030029 ,6935778564710 ,CATKIN卡婷・西江月修容盘C02浮光跃金 12g,116,深圳市盟客供应链科技有限公司,TC彩妆,局部,阴影,阴影粉,27.25,69.9,0,20,9,29
1303020030028 ,6935778564727 ,CATKIN卡婷・西江月修容盘C03静影沉璧 12g,116,深圳市盟客供应链科技有限公司,TC彩妆,局部,阴影,阴影粉,27.25,69.9,0,77,37,114
2106040010036 ,6955823801164 ,HVHA-san涵雅感控・消毒液100ml,100,广东快客电子商务有限公司,TC美妆工具,清洁用品,湿纸巾,功能性湿巾,27,49.9,0,0,10,10
2302010040001 ,8809324920399 ,OLIVE YOUNG欧利芙洋・痘痘粘贴膜84贴,100,广东快客电子商务有限公司,TC护肤,功能护肤,祛痘,祛痘贴,27,49.9,0,0,5,5
2302010040001 ,8809324920399 ,OLIVE YOUNG欧利芙洋・痘痘粘贴膜84贴,116,深圳市盟客供应链科技有限公司,TC护肤,功能护肤,祛痘,祛痘贴,27,49.9,0,1795,1391,3186
1302010040013 ,8809485972084 ,UNNY悠宜・炫彩唇釉9ML-T01,116,深圳市盟客供应链科技有限公司,TC彩妆,唇部,唇釉,亮面唇釉,26.95,69.9,0,0,48,48
1302010040013 ,8809485972084 ,UNNY悠宜・炫彩唇釉9ML-T01,100,广东快客电子商务有限公司,TC彩妆,唇部,唇釉,亮面唇釉,26.95,69.9,0,8,9,17
1302010040011 ,8809485972107 ,UNNY悠宜・炫彩唇釉9ML-T03,116,深圳市盟客供应链科技有限公司,TC彩妆,唇部,唇釉,亮面唇釉,26.95,69.9,0,4,18,22
1302010040011 ,8809485972107 ,UNNY悠宜・炫彩唇釉9ML-T03,100,广东快客电子商务有限公司,TC彩妆,唇部,唇釉,亮面唇釉,26.95,69.9,0,0,17,17
1302010040010 ,8809485972091 ,UNNY悠宜・炫彩唇釉T02 9ml,116,深圳市盟客供应链科技有限公司,TC彩妆,唇部,唇釉,亮面唇釉,26.95,69.9,0,78,41,119
1302010040010 ,8809485972091 ,UNNY悠宜・炫彩唇釉T02 9ml,100,广东快客电子商务有限公司,TC彩妆,唇部,唇釉,亮面唇釉,26.95,69.9,0,0,10,10
1302010040184 ,8809485972138 ,UNNY悠宜・炫彩唇釉T06 9ml,116,深圳市盟客供应链科技有限公司,TC彩妆,唇部,唇釉,亮面唇釉,26.95,69.9,0,0,6,6
1302010040012 ,8809485972145 ,UNNY悠宜・炫彩唇釉T07 9ml,100,广东快客电子商务有限公司,TC彩妆,唇部,唇釉,亮面唇釉,26.95,69.9,0,0,28,28
1302010040012 ,8809485972145 ,UNNY悠宜・炫彩唇釉T07 9ml,116,深圳市盟客供应链科技有限公司,TC彩妆,唇部,唇釉,亮面唇釉,26.95,69.9,0,251,126,377
1302010040187 ,8809485973470 ,UNNY悠宜・炫彩唇釉T10 9ml,100,广东快客电子商务有限公司,TC彩妆,唇部,唇釉,亮面唇釉,26.95,69.9,0,0,12,12
1302010040187 ,8809485973470 ,UNNY悠宜・炫彩唇釉T10 9ml,116,深圳市盟客供应链科技有限公司,TC彩妆,唇部,唇釉,亮面唇釉,26.95,69.9,0,0,7,7
13020500231 ,6947054900976 ,娥佩兰・持久眉笔1#(烟灰色)1.2G,116,深圳市盟客供应链科技有限公司,TC彩妆,眼部,眉笔,极细眉笔,26.95,49.9,0,0,359,359
13020500241 ,6947054900983 ,娥佩兰・持久眉笔2#(深棕色)1.2G,116,深圳市盟客供应链科技有限公司,TC彩妆,眼部,眉笔,极细眉笔,26.95,49.9,0,0,64,64
1302010040247 ,8809485971940 ,UNNY悠宜・柔润吻感唇釉 M05 5g,116,深圳市盟客供应链科技有限公司,TC彩妆,唇部,唇釉,哑光唇釉,26.65,69.9,0,5,0,5
1302010040248 ,8809485975474 ,UNNY悠宜・柔润吻感唇釉 M06 5g,116,深圳市盟客供应链科技有限公司,TC彩妆,唇部,唇釉,哑光唇釉,26.65,69.9,0,0,193,193
1302010040249 ,8809485975504 ,UNNY悠宜・柔润吻感唇釉 M07 5g,116,深圳市盟客供应链科技有限公司,TC彩妆,唇部,唇釉,哑光唇釉,26.65,69.9,0,47,151,198
13020100192 ,8809297214266 ,too cool for school涂酷・牛奶染唇膏#1 9g,116,深圳市盟客供应链科技有限公司,TC彩妆,唇部,唇釉,染唇液,26.4,49.9,0,134,0,134
13020100194 ,8809297215768 ,too cool for school涂酷・牛奶染唇膏#3 9g,116,深圳市盟客供应链科技有限公司,TC彩妆,唇部,唇釉,染唇液,26.4,49.9,0,5,0,5
1303020020065 ,6954496906145 ,CHIOTURE稚优泉・樱花之恋三色腮红01 7.5g,100,广东快客电子商务有限公司,TC彩妆,局部,腮红,腮红粉,26,49.9,0,0,21,21
1303020020066 ,6954496906152 ,CHIOTURE稚优泉・樱花之恋三色腮红02 7.5g,100,广东快客电子商务有限公司,TC彩妆,局部,腮红,腮红粉,26,49.9,0,0,53,53
13020100401004 ,6971555168306 ,ZEESEA滋色・轻雾感水唇釉401（南瓜茶 ） 5ml,116,深圳市盟客供应链科技有限公司,TC彩妆,唇部,唇釉,亮面唇釉,25.6,85.9,0,163,451,614
13020100401005 ,6971555168313 ,ZEESEA滋色・轻雾感水唇釉402（栗子红棕 ） 5ml,116,深圳市盟客供应链科技有限公司,TC彩妆,唇部,唇釉,亮面唇釉,25.6,85.9,0,42,286,328
13020100401006 ,6971555168320 ,ZEESEA滋色・轻雾感水唇釉403（血浆红 ） 5ml,116,深圳市盟客供应链科技有限公司,TC彩妆,唇部,唇釉,亮面唇釉,25.6,85.9,0,238,282,520
13020100401007 ,6971555168337 ,ZEESEA滋色・轻雾感水唇釉404（山楂色 ） 5ml,116,深圳市盟客供应链科技有限公司,TC彩妆,唇部,唇釉,亮面唇釉,25.6,85.9,0,37,216,253
13020100401008 ,6971555168344 ,ZEESEA滋色・轻雾感水唇釉405（炼瓦色 ） 5ml,116,深圳市盟客供应链科技有限公司,TC彩妆,唇部,唇釉,亮面唇釉,25.6,85.9,0,150,262,412
13020100401009 ,6971555168351 ,ZEESEA滋色・轻雾感水唇釉406（蜜桃豆沙 ） 5ml,116,深圳市盟客供应链科技有限公司,TC彩妆,唇部,唇釉,亮面唇釉,25.6,85.9,0,187,222,409
13020100401010 ,6971555168368 ,ZEESEA滋色・轻雾感水唇釉407（蔓越莓酱 ） 5ml,116,深圳市盟客供应链科技有限公司,TC彩妆,唇部,唇釉,亮面唇釉,25.6,85.9,0,171,261,432
1302010040180 ,6971053251852 ,Judydoll橘朵・臻彩丝绒哑光唇釉#41 2.5ml,100,广东快客电子商务有限公司,TC彩妆,唇部,唇釉,哑光唇釉,25.5,49.9,0,0,5,5
1302010040179 ,6971053251876 ,Judydoll橘朵・臻彩丝绒哑光唇釉#43 2.5ml,100,广东快客电子商务有限公司,TC彩妆,唇部,唇釉,哑光唇釉,25.5,49.9,0,0,7,7
1302010040178 ,6971053258165 ,Judydoll橘朵・臻彩丝绒哑光唇釉#64 2.5ml,100,广东快客电子商务有限公司,TC彩妆,唇部,唇釉,哑光唇釉,25.5,49.9,0,1,19,20
1302010040168 ,6971053259728 ,Judydoll橘朵・臻彩丝绒哑光唇釉#68 2.5ml,100,广东快客电子商务有限公司,TC彩妆,唇部,唇釉,哑光唇釉,25.5,49.9,0,0,8,8
1302010040177 ,6971053256260 ,Judydoll橘朵・臻彩丝绒哑光唇釉#69 2.5ml,100,广东快客电子商务有限公司,TC彩妆,唇部,唇釉,哑光唇釉,25.5,49.9,0,0,6,6
1302010040169 ,6971053256277 ,Judydoll橘朵・臻彩丝绒哑光唇釉#70 2.5ml,100,广东快客电子商务有限公司,TC彩妆,唇部,唇釉,哑光唇釉,25.5,49.9,0,0,7,7
1302010040175 ,6971053256291 ,Judydoll橘朵・臻彩丝绒哑光唇釉#72 2.5ml,100,广东快客电子商务有限公司,TC彩妆,唇部,唇釉,哑光唇釉,25.5,49.9,0,1,9,10
1302010040174 ,6971053256307 ,Judydoll橘朵・臻彩丝绒哑光唇釉#73 2.5ml,100,广东快客电子商务有限公司,TC彩妆,唇部,唇釉,哑光唇釉,25.5,49.9,0,0,5,5
1305050030090 ,6944364080176 ,ZENN・双色眼影粉Z206 4.6g,116,深圳市盟客供应链科技有限公司,TC彩妆,眼影,多色眼影,2-8色,25.5,59.9,0,0,79,79
1303020030034 ,6954496905513 ,CHIOTURE稚优泉・双色高光修容盘01 3.3g+3.6g,100,广东快客电子商务有限公司,TC彩妆,局部,阴影,阴影粉,25,59.9,0,0,26,26
1302010050011 ,8806164146439 ,TheSaem得鲜・清清甜蜜干爽染唇液04号8G,100,广东快客电子商务有限公司,TC彩妆,唇部,唇釉,染唇液,25,59.9,0,0,7,7
13030100401005 ,6927545982926 ,FOCALLURE菲鹿儿・柔光粉底液（FA95-03） 35g,116,深圳市盟客供应链科技有限公司,TC彩妆,底妆,粉底,粉底液,24.97,59.9,0,10,0,10
13030100401004 ,6927545982933 ,FOCALLURE菲鹿儿・柔光粉底液（FA95-04） 35g,116,深圳市盟客供应链科技有限公司,TC彩妆,底妆,粉底,粉底液,24.97,59.9,0,105,10,115
1302030010141 ,6944364080305 ,ZENN・雾感哑光口红Z908 3.8g,116,深圳市盟客供应链科技有限公司,TC彩妆,唇部,口红,哑光口红,24.83,49.9,0,5,0,5
1303010060034 ,6970466804068 ,MOOKOO美空・太空少女金属气垫BB霜,116,深圳市盟客供应链科技有限公司,TC彩妆,底妆,粉底,气垫,24.75,79.9,0,0,20,20
1303010040053 ,6917591874856 ,MOOKOO美空・精灵幻采粉底液,116,深圳市盟客供应链科技有限公司,TC彩妆,底妆,粉底,粉底液,24.75,79.9,0,37,69,106
1303010040054 ,6917591874863 ,MOOKOO美空・精灵幻采粉底液,100,广东快客电子商务有限公司,TC彩妆,底妆,粉底,粉底液,24.75,79.9,0,0,7,7
1303010040054 ,6917591874863 ,MOOKOO美空・精灵幻采粉底液,116,深圳市盟客供应链科技有限公司,TC彩妆,底妆,粉底,粉底液,24.75,79.9,0,10,23,33
1303020020102 ,6970466803504 ,efu・桃色渐变腮红#01桃气粉 6.5g,116,深圳市盟客供应链科技有限公司,TC彩妆,局部,腮红,腮红粉,24.75,79.9,0,182,40,222
1303020020103 ,6970466803511 ,efu・桃色渐变腮红#02桃气橘 6.5g,116,深圳市盟客供应链科技有限公司,TC彩妆,局部,腮红,腮红粉,24.75,79.9,0,196,38,234
1302010040236 ,6971419430785 ,SO COOL SO ME ・ 出街不会输的唇釉 11# GH-02闹市 2.5g,116,深圳市盟客供应链科技有限公司,TC彩妆,唇部,唇釉,亮面唇釉,24.5,49.9,0,50,19,69
1302010040232 ,6971419430693 ,SO COOL SO ME ・ 出街不会输的唇釉 2#  GL-02 小恶魔 2.5g,116,深圳市盟客供应链科技有限公司,TC彩妆,唇部,唇釉,亮面唇釉,24.5,49.9,0,0,22,22
1302010040233 ,6971419430709 ,SO COOL SO ME ・ 出街不会输的唇釉 3#  GL-03 野心家 2.5g,116,深圳市盟客供应链科技有限公司,TC彩妆,唇部,唇釉,亮面唇釉,24.5,49.9,0,13,0,13
1302010040234 ,6971419430716 ,SO COOL SO ME ・ 出街不会输的唇釉 4#  GL-04 布鲁克林 2.5g,116,深圳市盟客供应链科技有限公司,TC彩妆,唇部,唇釉,亮面唇釉,24.5,49.9,0,5,12,17
13020100401013 ,6971419430730 ,SO COOL SO ME・出街不会输的唇釉 GL-06 星火2.5ml,116,深圳市盟客供应链科技有限公司,TC彩妆,唇部,唇釉,亮面唇釉,24.5,49.9,0,0,138,138
13020100401012 ,6971419430877 ,SO COOL SO ME・出街不会输的唇釉 GL-11自由 2.5ml,116,深圳市盟客供应链科技有限公司,TC彩妆,唇部,唇釉,亮面唇釉,24.5,49.9,0,0,161,161
13020100401014 ,6971419430891 ,SO COOL SO ME・出街不会输的唇釉 GL-12萤火虫 2.5ml,116,深圳市盟客供应链科技有限公司,TC彩妆,唇部,唇釉,亮面唇釉,24.5,49.9,0,0,181,181
13020100401011 ,6971419430914 ,SO COOL SO ME・出街不会输的唇釉 GL-14 嘶唱 2.5ml,116,深圳市盟客供应链科技有限公司,TC彩妆,唇部,唇釉,亮面唇釉,24.5,49.9,0,0,182,182
1305020030042 ,6970955650268 ,Solone洛蔚琪・弹力塑形眉彩盒 01亚麻可可4.5g,116,深圳市盟客供应链科技有限公司,TC彩妆,眼部,眉粉,单色眉粉,24.5,46.9,0,0,15,15
1303010040049 ,6971053256444 ,Judydoll橘朵・立体光影双色修容粉饼#01 9g,100,广东快客电子商务有限公司,TC彩妆,局部,阴影,阴影粉,24,39.9,0,0,5,5
1305020010098 ,8809387474990 ,Pramy柏瑞美・韩式免削眉笔1# 0.2g,116,深圳市盟客供应链科技有限公司,TC彩妆,眼部,眉笔,三角眉笔,24,49.9,0,221,0,221
1302050040002 ,8809387475010 ,Pramy柏瑞美・韩式免削眉笔3# 0.2g,116,深圳市盟客供应链科技有限公司,TC彩妆,眼部,眉笔,三角眉笔,24,49.9,0,111,0,111
1305020010101 ,8809387475027 ,Pramy柏瑞美・韩式免削眉笔4# 0.2g,116,深圳市盟客供应链科技有限公司,TC彩妆,眼部,眉笔,三角眉笔,24,49.9,0,231,90,321
1302030010318 ,6971555167927 ,ZEESEA滋色・雾感丝绒唇膏916#,116,深圳市盟客供应链科技有限公司,TC彩妆,唇部,口红,哑光口红,23.9,79.9,0,11,71,82
1305050020022 ,8806190716057 ,I'M MEME・ 我爱珠光眼影棒 002 蜜桃沙滩,116,深圳市盟客供应链科技有限公司,TC彩妆,眼影,眼影笔,眼影笔,23.73,49.9,0,50,0,50
1302030010071 ,6971538077311 ,Wet n wild・花瓣质感轻哑光唇膏烈焰情人P773A  2.1g,100,广东快客电子商务有限公司,TC彩妆,唇部,口红,哑光口红,23.6,49.9,0,0,9,9
1305040020008 ,6956050401646 ,Luckytrendy・大眼睛眼线液笔TN18312 0.55ML,116,深圳市盟客供应链科技有限公司,TC彩妆,眼部,眼线,眼线液笔,23.52,49.9,0,0,64,64
1305040020008 ,6956050401646 ,Luckytrendy・大眼睛眼线液笔TN18312 0.55ML,100,广东快客电子商务有限公司,TC彩妆,眼部,眼线,眼线液笔,23.52,49.9,0,0,13,13
1303010030028 ,6971555166692 ,ZEESEA滋色・立体高光粉饼01 6g,116,深圳市盟客供应链科技有限公司,TC彩妆,局部,高光,高光粉,23.45,46.9,0,0,27,27
1303010030027 ,6971555166425 ,ZEESEA滋色・立体高光粉饼02 6g,116,深圳市盟客供应链科技有限公司,TC彩妆,局部,高光,高光粉,23.45,46.9,0,0,8,8
13030200201013 ,8809485976068 ,UNNY悠宜・焦点倾慕腮红01 3.5g,116,深圳市盟客供应链科技有限公司,TC彩妆,局部,腮红,腮红粉,23.1,59.9,0,50,244,294
13030200201015 ,8809485976082 ,UNNY悠宜・焦点倾慕腮红03 3.5g,116,深圳市盟客供应链科技有限公司,TC彩妆,局部,腮红,腮红粉,23.1,59.9,0,81,527,608
13030200201016 ,8809485976099 ,UNNY悠宜・焦点倾慕腮红04 3.5g,116,深圳市盟客供应链科技有限公司,TC彩妆,局部,腮红,腮红粉,23.1,59.9,0,102,292,394
13010201681 ,4955814133795 ,NarisUP娜丽丝・维他命C亮颜柔肤化妆水360ML,100,广东快客电子商务有限公司,TC护肤,化妆水,功能性化妆水,功能性化妆水,23,39.9,0,0,17,17
13010201651 ,4955814131814 ,NarisUP娜丽丝・胶原蛋白美颜紧致化妆水360ML,100,广东快客电子商务有限公司,TC护肤,化妆水,补水保湿化妆水,补水保湿化妆水,23,39.9,0,0,20,20
1302010040014 ,8809485971902 ,UNNY悠宜・柔润吻感唇釉M01 5g,100,广东快客电子商务有限公司,TC彩妆,唇部,唇釉,哑光唇釉,22.88,59.9,0,0,9,9
1302010040014 ,8809485971902 ,UNNY悠宜・柔润吻感唇釉M01 5g,116,深圳市盟客供应链科技有限公司,TC彩妆,唇部,唇釉,哑光唇釉,22.88,59.9,0,67,26,93
1302010040015 ,8809485971926 ,UNNY悠宜・柔润吻感唇釉M03 5g,116,深圳市盟客供应链科技有限公司,TC彩妆,唇部,唇釉,哑光唇釉,22.88,59.9,0,75,26,101
1302010040015 ,8809485971926 ,UNNY悠宜・柔润吻感唇釉M03 5g,100,广东快客电子商务有限公司,TC彩妆,唇部,唇釉,哑光唇釉,22.88,59.9,0,0,9,9
1302010040016 ,8809485971933 ,UNNY悠宜・柔润吻感唇釉M04 5g,116,深圳市盟客供应链科技有限公司,TC彩妆,唇部,唇釉,哑光唇釉,22.88,59.9,0,78,26,104
1302010040016 ,8809485971933 ,UNNY悠宜・柔润吻感唇釉M04 5g,100,广东快客电子商务有限公司,TC彩妆,唇部,唇釉,哑光唇釉,22.88,59.9,0,0,7,7
1305050030048 ,6970379946237 ,HEXZE韩熙贞・星光魅影12色眼影盘01 12g,116,深圳市盟客供应链科技有限公司,TC彩妆,眼影,多色眼影,9-16色,22.6,59.9,0,117,1251,1368
1305050030048 ,6970379946237 ,HEXZE韩熙贞・星光魅影12色眼影盘01 12g,100,广东快客电子商务有限公司,TC彩妆,眼影,多色眼影,9-16色,22.6,59.9,0,0,8,8
13030200201008 ,6971555166517 ,ZEESEA滋色・轻彩柔纱单色腮红 02# 5g,116,深圳市盟客供应链科技有限公司,TC彩妆,局部,腮红,腮红粉,22.6,65.9,0,708,351,1059
13030200201009 ,6971555166524 ,ZEESEA滋色・轻彩柔纱单色腮红 03# 4.5g,116,深圳市盟客供应链科技有限公司,TC彩妆,局部,腮红,腮红粉,22.6,65.9,0,496,199,695
13030200201010 ,6971555166531 ,ZEESEA滋色・轻彩柔纱单色腮红 04# 4.5g,116,深圳市盟客供应链科技有限公司,TC彩妆,局部,腮红,腮红粉,22.6,65.9,0,147,475,622
13030100401055 ,6971550272831 ,透蜜・轻薄持妆粉底液 哑光中性亮肤2CO 40ml,116,深圳市盟客供应链科技有限公司,TC彩妆,底妆,粉底,粉底液,22.6,75.9,0,92,552,644
13030100401053 ,6971550272404 ,透蜜・轻薄持妆粉底液 哑光亮肤色Y02 40ml,116,深圳市盟客供应链科技有限公司,TC彩妆,底妆,粉底,粉底液,22.6,75.9,0,0,420,420
13030100401099 ,6971550277430 ,透蜜・轻薄持妆粉底液 哑光自然色P01 40g,116,深圳市盟客供应链科技有限公司,TC彩妆,底妆,粉底,粉底液,22.6,75.9,0,129,218,347
13030100401052 ,6971550272398 ,透蜜・轻薄持妆粉底液 哑光自然色Y01 40ml,116,深圳市盟客供应链科技有限公司,TC彩妆,底妆,粉底,粉底液,22.6,75.9,0,0,28,28
13030100401100 ,6971550277454 ,透蜜・轻薄持妆粉底液 哑光象牙色P03 40g,116,深圳市盟客供应链科技有限公司,TC彩妆,底妆,粉底,粉底液,22.6,75.9,0,126,219,345
13030100401056 ,6971550272848 ,透蜜・轻薄持妆粉底液 水润中性自然1WO 40ml,116,深圳市盟客供应链科技有限公司,TC彩妆,底妆,粉底,粉底液,22.6,75.9,0,0,189,189
13030100401097 ,6971550277416 ,透蜜・轻薄持妆粉底液 水润亮肤色M02 40g,116,深圳市盟客供应链科技有限公司,TC彩妆,底妆,粉底,粉底液,22.6,75.9,0,116,219,335
13030100401086 ,6971550277409 ,透蜜・轻薄持妆粉底液 水润自然色M01 40g,116,深圳市盟客供应链科技有限公司,TC彩妆,底妆,粉底,粉底液,22.6,75.9,0,0,251,251
13030100401098 ,6971550277423 ,透蜜・轻薄持妆粉底液 水润象牙色M03 40g,116,深圳市盟客供应链科技有限公司,TC彩妆,底妆,粉底,粉底液,22.6,75.9,0,127,213,340
1303010040009 ,6923149027476 ,KQTQK库库韩社・轻雾柔感气垫粉底1#13G,116,深圳市盟客供应链科技有限公司,TC彩妆,底妆,粉底,粉底液,22.3,49.9,0,16,0,16
1303010040010 ,6923149027483 ,KQTQK库库韩社・轻雾柔感气垫粉底2#13G,116,深圳市盟客供应链科技有限公司,TC彩妆,底妆,粉底,粉底液,22.3,49.9,0,71,128,199
13030400101001 ,6934713001969 ,FOCALLURE菲鹿儿・放肆玩乐定妆喷雾（FA-96） 100ml,116,深圳市盟客供应链科技有限公司,TC彩妆,底妆,定妆,定妆喷雾,22.09,59.9,0,0,7,7
1302010040536 ,6954496910166 ,CHIOTURE稚优泉・无惧幻想绒雾唇釉2021 2.1g,116,深圳市盟客供应链科技有限公司,TC彩妆,唇部,唇釉,哑光唇釉,22,55.9,0,229,66,295
1303010030031 ,6954496907081 ,CHIOTURE稚优泉・漫步云端柔肤蜜粉饼02 8g,116,深圳市盟客供应链科技有限公司,TC彩妆,底妆,定妆,粉饼,22,59.9,0,18,9,27
1302030010025 ,6970298005145 ,SIVANNA COLORS思薇娜・哑光吻我口红9号色4G,116,深圳市盟客供应链科技有限公司,TC彩妆,唇部,口红,哑光口红,21.6,49.9,0,0,13,13
13030100601001 ,6927766065378 ,Cathy Doll凯婷娃娃・CC气垫棒#01浅肤色9g,116,深圳市盟客供应链科技有限公司,TC彩妆,底妆,粉底,气垫,20.97,49.9,0,1,15,16
13030100601002 ,6927766065392 ,Cathy Doll凯婷娃娃・CC气垫棒#03自然色9g,116,深圳市盟客供应链科技有限公司,TC彩妆,底妆,粉底,气垫,20.97,49.9,0,1,15,16
13030100801001 ,6927766039164 ,Cathy Doll凯婷娃娃・水凝无瑕修颜霜#21浅肤色50ml,116,深圳市盟客供应链科技有限公司,TC彩妆,底妆,粉底,素颜霜,20.97,69.9,0,0,723,723
1301010010018 ,6923149024598 ,KQTQK库库韩社・樱花奶酪彩妆盘10G+15G,100,广东快客电子商务有限公司,TC彩妆,局部,组合盘,组合盘,20.8,49.9,0,0,7,7
1301010010018 ,6923149024598 ,KQTQK库库韩社・樱花奶酪彩妆盘10G+15G,116,深圳市盟客供应链科技有限公司,TC彩妆,局部,组合盘,组合盘,20.8,49.9,0,698,140,838
1303010030035 ,6944449243496 ,AIDOFEC爱得菲・柔雾丝滑哑光粉饼01白皙色 8g,100,广东快客电子商务有限公司,TC彩妆,底妆,定妆,粉饼,20.51,49.9,0,0,76,76
1303010030034 ,6944449243502 ,AIDOFEC爱得菲・柔雾丝滑哑光粉饼02自然色 8g,100,广东快客电子商务有限公司,TC彩妆,底妆,定妆,粉饼,20.51,49.9,0,0,76,76
1303010030034 ,6944449243502 ,AIDOFEC爱得菲・柔雾丝滑哑光粉饼02自然色 8g,116,深圳市盟客供应链科技有限公司,TC彩妆,底妆,定妆,粉饼,20.51,49.9,0,4,13,17
1302030010022 ,6957694701284 ,SIVANNA COLORS思薇娜・丝滑口红12#3G,100,广东快客电子商务有限公司,TC彩妆,唇部,口红,亮面口红,20.5,39.9,0,0,12,12
1302030010022 ,6957694701284 ,SIVANNA COLORS思薇娜・丝滑口红12#3G,116,深圳市盟客供应链科技有限公司,TC彩妆,唇部,口红,亮面口红,20.5,39.9,0,47,26,73
1305040010029 ,6971053259735 ,Judydoll橘朵・防水速干眼线液笔03 0.5ml,100,广东快客电子商务有限公司,TC彩妆,眼部,眼线,眼线胶笔,20,37.9,0,0,18,18
1302030010111 ,6971479460548 ,NOONSU:RE莫苏・有绯吻唇膏101#柑橘甜茶 3.8g,116,深圳市盟客供应链科技有限公司,TC彩妆,唇部,口红,哑光口红,20,49.9,0,56,0,56
1302030010112 ,6971479460593 ,NOONSU:RE莫苏・有绯吻唇膏102#爱不释手 3.8g,116,深圳市盟客供应链科技有限公司,TC彩妆,唇部,口红,哑光口红,20,49.9,0,44,135,179
1302030010114 ,6971479460555 ,NOONSU:RE莫苏・有绯吻唇膏105#温柔豆沙 3.8g,116,深圳市盟客供应链科技有限公司,TC彩妆,唇部,口红,哑光口红,20,49.9,0,32,30,62
1302030010115 ,6971479460654 ,NOONSU:RE莫苏・有绯吻唇膏205#干枯玫瑰 3.8g,100,广东快客电子商务有限公司,TC彩妆,唇部,口红,哑光口红,20,49.9,0,0,12,12
1302030010115 ,6971479460654 ,NOONSU:RE莫苏・有绯吻唇膏205#干枯玫瑰 3.8g,116,深圳市盟客供应链科技有限公司,TC彩妆,唇部,口红,哑光口红,20,49.9,0,1,24,25
1302030010117 ,6971479460678 ,NOONSU:RE莫苏・有绯吻唇膏207#浮华红绸 3.8g,116,深圳市盟客供应链科技有限公司,TC彩妆,唇部,口红,哑光口红,20,49.9,0,6,0,6
1302030010118 ,6971479460579 ,NOONSU:RE莫苏・有绯吻唇膏208#谜红花火 3.8g,116,深圳市盟客供应链科技有限公司,TC彩妆,唇部,口红,哑光口红,20,49.9,0,2,6,8
1302030010119 ,6971479460623 ,NOONSU:RE莫苏・有绯吻唇膏209#焦糖话梅 3.8g,116,深圳市盟客供应链科技有限公司,TC彩妆,唇部,口红,哑光口红,20,49.9,0,2,24,26
1303020020060 ,6971555165145 ,ZEESEA滋色・丝滑液体腮红01 4ml,100,广东快客电子商务有限公司,TC彩妆,局部,腮红,液体腮红,20,39.9,0,0,52,52
1303020020063 ,6971555165176 ,ZEESEA滋色・丝滑液体腮红04 4ml,100,广东快客电子商务有限公司,TC彩妆,局部,腮红,液体腮红,20,39.9,0,0,37,37
1303010050019 ,6971555162595 ,ZEESEA滋色・多效修颜隔离霜(紫色) 30g,100,广东快客电子商务有限公司,TC彩妆,底妆,妆前,隔离霜,19.84,75.9,0,0,24,24
1305050030047 ,6970379944653 ,HEXZE韩熙贞・一抹成妆十色眼影盘#01蜜桃烟粉8.5g,116,深圳市盟客供应链科技有限公司,TC彩妆,眼影,多色眼影,9-16色,19.8,59.9,0,564,0,564
1305050030046 ,6970379945063 ,HEXZE韩熙贞・一抹成妆十色眼影盘#02霓虹幻影8.5g,116,深圳市盟客供应链科技有限公司,TC彩妆,眼影,多色眼影,9-16色,19.8,59.9,0,236,348,584
1303010040032 ,6971555164193 ,ZEESEA滋色・丝柔持妆粉底液MW01 30g,100,广东快客电子商务有限公司,TC彩妆,底妆,粉底,粉底液,19.78,76.9,0,0,10,10
1305040010068 ,6971419430051 ,SO COOL SO ME ・ 街头涂鸦多功能美妆笔 激烈火焰 0.2g,116,深圳市盟客供应链科技有限公司,TC彩妆,眼部,眼线,眼线胶笔,19.5,29.9,0,0,212,212
1305040010070 ,6971419430075 ,SO COOL SO ME ・ 街头涂鸦多功能美妆笔 狂野酒红 0.2g,116,深圳市盟客供应链科技有限公司,TC彩妆,眼部,眼线,眼线胶笔,19.5,29.9,0,0,197,197
1305040010073 ,6971419430105 ,SO COOL SO ME ・ 街头涂鸦多功能美妆笔 耀眼人鱼 0.2g,116,深圳市盟客供应链科技有限公司,TC彩妆,眼部,眼线,眼线胶笔,19.5,29.9,0,0,189,189
1305040010069 ,6971419430068 ,SO COOL SO ME ・ 街头涂鸦多功能美妆笔 骄傲野火 0.2g,116,深圳市盟客供应链科技有限公司,TC彩妆,眼部,眼线,眼线胶笔,19.5,29.9,0,0,210,210
1305040010071 ,6971419430082 ,SO COOL SO ME ・ 街头涂鸦多功能美妆笔 高冷潮咖 0.2g,116,深圳市盟客供应链科技有限公司,TC彩妆,眼部,眼线,眼线胶笔,19.5,29.9,0,0,212,212
1305020010103 ,6971419430433 ,SO COOL SO ME ・ 野生浓密眉笔  2# BR-02坚果栗棕 0.15g,116,深圳市盟客供应链科技有限公司,TC彩妆,眼部,眉笔,扁头眉笔,19.5,39.9,0,1,413,414
1305020010105 ,6971419431331 ,SO COOL SO ME ・ 野生浓密眉笔 6# BR-06奥利奥棕 0.15g,100,广东快客电子商务有限公司,TC彩妆,眼部,眉笔,扁头眉笔,19.5,39.9,0,6,0,6
1305040020040 ,4713737128157 ,Solone洛蔚琪・快速定妆慕丝眼线眼彩笔 #05浓咖啡1.8g,116,深圳市盟客供应链科技有限公司,TC彩妆,眼部,眼线,眼线液笔,19.5,36.9,0,0,45,45
1305040020041 ,4713737128164 ,Solone洛蔚琪・快速定妆慕丝眼线眼彩笔 #06灿酒红1.8g,116,深圳市盟客供应链科技有限公司,TC彩妆,眼部,眼线,眼线液笔,19.5,36.9,0,0,26,26
13020100401103 ,6957317609607 ,Front Cover・阿波罗雾面锁色唇釉060 1.2ml,116,深圳市盟客供应链科技有限公司,TC彩妆,唇部,唇釉,哑光唇釉,19,39.9,0,4,128,132
1303010050012 ,6970379942406 ,HEXZE韩熙贞・轻奢光耀隔离霜淡紫色35g,116,深圳市盟客供应链科技有限公司,TC彩妆,底妆,妆前,隔离霜,18.8,49.9,0,164,266,430
1303010050010 ,6970379943762 ,HEXZE韩熙贞・轻奢光耀隔离霜绿色35g,116,深圳市盟客供应链科技有限公司,TC彩妆,底妆,妆前,隔离霜,18.8,49.9,0,62,27,89
1303010050011 ,6970379942390 ,HEXZE韩熙贞・轻奢光耀隔离霜肤色35g,116,深圳市盟客供应链科技有限公司,TC彩妆,底妆,妆前,隔离霜,18.8,49.9,0,21,77,98
13010202461 ,4901696563175 ,露姬婷・芦荟水润洗面奶80G,100,广东快客电子商务有限公司,TC护肤,洁面,洁面乳,补水保湿,18.6,39.9,0,0,7,7
1303020020151 ,6927545998828 ,FOCALLURE菲鹿儿・丝滑渐变腮红（FA78-02） 11.5g,116,深圳市盟客供应链科技有限公司,TC彩妆,局部,腮红,腮红粉,18.25,46.9,0,163,1102,1265
1303020020153 ,6927545998842 ,FOCALLURE菲鹿儿・丝滑渐变腮红（FA78-04） 11.5g,116,深圳市盟客供应链科技有限公司,TC彩妆,局部,腮红,腮红粉,18.25,46.9,0,106,368,474
13030200201003 ,6927545981738 ,FOCALLURE菲鹿儿・丝滑渐变腮红（FA78-05） 11.5g,116,深圳市盟客供应链科技有限公司,TC彩妆,局部,腮红,腮红粉,18.25,46.9,0,10,25,35
1302010040101 ,6971555163646 ,ZEESEA滋色・轻雾感哑光唇釉508 5ml,116,深圳市盟客供应链科技有限公司,TC彩妆,唇部,唇釉,哑光唇釉,18.08,65.9,0,8,83,91
1302010040102 ,6971555163653 ,ZEESEA滋色・轻雾感哑光唇釉509 5ml,116,深圳市盟客供应链科技有限公司,TC彩妆,唇部,唇釉,哑光唇釉,18.08,65.9,0,208,508,716
1302010040102 ,6971555163653 ,ZEESEA滋色・轻雾感哑光唇釉509 5ml,100,广东快客电子商务有限公司,TC彩妆,唇部,唇釉,哑光唇釉,18.08,65.9,0,0,11,11
1302010040103 ,6971555163660 ,ZEESEA滋色・轻雾感哑光唇釉510 5ml,116,深圳市盟客供应链科技有限公司,TC彩妆,唇部,唇釉,哑光唇釉,18.08,65.9,0,0,159,159
1302010040103 ,6971555163660 ,ZEESEA滋色・轻雾感哑光唇釉510 5ml,100,广东快客电子商务有限公司,TC彩妆,唇部,唇釉,哑光唇釉,18.08,65.9,0,0,28,28
1302010040093 ,6944364080084 ,ZENN・光感镜面唇釉Z603 3.1ml,116,深圳市盟客供应链科技有限公司,TC彩妆,唇部,唇釉,亮面唇釉,18.08,49.9,0,0,7,7
1302010040090 ,6944364080114 ,ZENN・光感镜面唇釉Z606 3.1ml,116,深圳市盟客供应链科技有限公司,TC彩妆,唇部,唇釉,亮面唇釉,18.08,49.9,0,1,6,7
1302010040152 ,6954496907746 ,CHIOTURE稚优泉・琉光之境水光唇釉G05 4g,116,深圳市盟客供应链科技有限公司,TC彩妆,唇部,唇釉,亮面唇釉,18,49.9,0,0,36,36
1302010040153 ,6954496907753 ,CHIOTURE稚优泉・琉光之境水光唇釉G11 4g,116,深圳市盟客供应链科技有限公司,TC彩妆,唇部,唇釉,亮面唇釉,18,49.9,0,36,148,184
1302010040154 ,6954496907760 ,CHIOTURE稚优泉・琉光之境水光唇釉G14 4g,116,深圳市盟客供应链科技有限公司,TC彩妆,唇部,唇釉,亮面唇釉,18,49.9,0,0,5,5
1302010040156 ,6954496907777 ,CHIOTURE稚优泉・琉光之境水光唇釉G99 4g,116,深圳市盟客供应链科技有限公司,TC彩妆,唇部,唇釉,亮面唇釉,18,49.9,0,0,34,34
1302010040147 ,6954496907692 ,CHIOTURE稚优泉・琉光之境水光唇釉S02 4g,116,深圳市盟客供应链科技有限公司,TC彩妆,唇部,唇釉,亮面唇釉,18,49.9,0,0,34,34
1302010040148 ,6954496907708 ,CHIOTURE稚优泉・琉光之境水光唇釉S03 4g,116,深圳市盟客供应链科技有限公司,TC彩妆,唇部,唇釉,亮面唇釉,18,49.9,0,44,27,71
1302010040149 ,6954496907715 ,CHIOTURE稚优泉・琉光之境水光唇釉S04 4g,116,深圳市盟客供应链科技有限公司,TC彩妆,唇部,唇釉,亮面唇釉,18,49.9,0,2,34,36
1302010040150 ,6954496907722 ,CHIOTURE稚优泉・琉光之境水光唇釉S05 4g,116,深圳市盟客供应链科技有限公司,TC彩妆,唇部,唇釉,亮面唇釉,18,49.9,0,14,28,42
1302010040151 ,6954496907739 ,CHIOTURE稚优泉・琉光之境水光唇釉S06 4g,116,深圳市盟客供应链科技有限公司,TC彩妆,唇部,唇釉,亮面唇釉,18,49.9,0,0,17,17
1302010040126 ,6954496908033 ,CHIOTURE稚优泉・绒情迷雾哑光唇釉616 1.8g,100,广东快客电子商务有限公司,TC彩妆,唇部,唇釉,哑光唇釉,18,39.9,0,0,7,7
1302010040126 ,6954496908033 ,CHIOTURE稚优泉・绒情迷雾哑光唇釉616 1.8g,116,深圳市盟客供应链科技有限公司,TC彩妆,唇部,唇釉,哑光唇釉,18,39.9,0,13,35,48
1305050030131 ,6971053253856 ,Judydoll橘朵・三色巧克力拼盘眼影01 2.5g,100,广东快客电子商务有限公司,TC彩妆,眼影,多色眼影,2-8色,18,39.9,0,1,20,21
1305050030129 ,6971053253870 ,Judydoll橘朵・三色巧克力拼盘眼影03 2.5g,100,广东快客电子商务有限公司,TC彩妆,眼影,多色眼影,2-8色,18,39.9,0,1,20,21
1305050030128 ,6971053253887 ,Judydoll橘朵・三色巧克力拼盘眼影04 2.5g,100,广东快客电子商务有限公司,TC彩妆,眼影,多色眼影,2-8色,18,39.9,0,0,20,20
1305050030127 ,6971053253894 ,Judydoll橘朵・三色巧克力拼盘眼影05 2.5g,100,广东快客电子商务有限公司,TC彩妆,眼影,多色眼影,2-8色,18,39.9,0,7,11,18
1305050030142 ,6971053253900 ,Judydoll橘朵・三色巧克力拼盘眼影06 2.5g,100,广东快客电子商务有限公司,TC彩妆,眼影,多色眼影,2-8色,18,39.9,0,1,20,21
1303010090001 ,6953710804533 ,MARIEBEAUTY玛丽佳人・水漾光感定妆喷雾 100ml,100,广东快客电子商务有限公司,TC彩妆,底妆,定妆,定妆喷雾,18,69.9,0,0,8,8
1302030010227 ,6944449243571 ,AIDOFEC爱得菲・丝绒柔雾盈润口红01元气少女橘 3.5g,100,广东快客电子商务有限公司,TC彩妆,唇部,口红,亮面口红,17.87,59.9,0,0,40,40
1302030010228 ,6944449243588 ,AIDOFEC爱得菲・丝绒柔雾盈润口红02经典正宫红 3.5g,100,广东快客电子商务有限公司,TC彩妆,唇部,口红,亮面口红,17.87,59.9,0,0,40,40
1302030010229 ,6944449243595 ,AIDOFEC爱得菲・丝绒柔雾盈润口红03铁锈枫叶红 3.5g,100,广东快客电子商务有限公司,TC彩妆,唇部,口红,亮面口红,17.87,59.9,0,0,40,40
1302030010230 ,6944449243601 ,AIDOFEC爱得菲・丝绒柔雾盈润口红04复古红梨 3.5g,100,广东快客电子商务有限公司,TC彩妆,唇部,口红,亮面口红,17.87,59.9,0,0,40,40
1302030010231 ,6944449243618 ,AIDOFEC爱得菲・丝绒柔雾盈润口红05熟柿子红 3.5g,100,广东快客电子商务有限公司,TC彩妆,唇部,口红,亮面口红,17.87,59.9,0,1,40,41
1302030010232 ,6944449243625 ,AIDOFEC爱得菲・丝绒柔雾盈润口红06烂番茄色 3.5g,100,广东快客电子商务有限公司,TC彩妆,唇部,口红,亮面口红,17.87,59.9,0,0,40,40
1302030010233 ,6944449243847 ,AIDOFEC爱得菲・丝绒柔雾盈润口红07干玫瑰豆沙 3.5g,100,广东快客电子商务有限公司,TC彩妆,唇部,口红,亮面口红,17.87,59.9,0,0,40,40
1302030010234 ,6944449243861 ,AIDOFEC爱得菲・丝绒柔雾盈润口红08牛血酒红 3.5g,100,广东快客电子商务有限公司,TC彩妆,唇部,口红,亮面口红,17.87,59.9,0,0,40,40
13020200821 ,6923149011048 ,JEMESKIN・水感无瑕滴管粉底霜2#色40ML,116,深圳市盟客供应链科技有限公司,TC彩妆,底妆,粉底,粉底液,17.8,39.9,0,49,0,49
1302010050006 ,4897077765651 ,KQTQK库库韩社・高清无痕芮姿隔离霜02色40ML,100,广东快客电子商务有限公司,TC彩妆,底妆,妆前,隔离霜,17.8,49.9,0,6,0,6
1302090020002 ,6937803912855 ,DongDong咚咚・酷感双眸眼线水笔硬笔1ML,116,深圳市盟客供应链科技有限公司,TC彩妆,眼部,眼线,眼线液笔,17.5,39.9,0,0,60,60
1305050030071 ,6923149027926 ,MARIEBEAUTY玛丽佳人・光影雕刻九色眼影01暖咖啡 10g,100,广东快客电子商务有限公司,TC彩妆,眼影,多色眼影,9-16色,17.5,39.9,0,0,12,12
1305050030071 ,6923149027926 ,MARIEBEAUTY玛丽佳人・光影雕刻九色眼影01暖咖啡 10g,116,深圳市盟客供应链科技有限公司,TC彩妆,眼影,多色眼影,9-16色,17.5,39.9,0,2,8,10
1305050030072 ,6923149027933 ,MARIEBEAUTY玛丽佳人・光影雕刻九色眼影02星空 10g,100,广东快客电子商务有限公司,TC彩妆,眼影,多色眼影,9-16色,17.5,39.9,0,0,13,13
1305050030073 ,6923149027940 ,MARIEBEAUTY玛丽佳人・光影雕刻九色眼影03干玫瑰 10g,116,深圳市盟客供应链科技有限公司,TC彩妆,眼影,多色眼影,9-16色,17.5,39.9,0,917,566,1483
1305050030073 ,6923149027940 ,MARIEBEAUTY玛丽佳人・光影雕刻九色眼影03干玫瑰 10g,100,广东快客电子商务有限公司,TC彩妆,眼影,多色眼影,9-16色,17.5,39.9,0,0,5,5
1305050030074 ,6923149027957 ,MARIEBEAUTY玛丽佳人・光影雕刻九色眼影04秋叶 10g,116,深圳市盟客供应链科技有限公司,TC彩妆,眼影,多色眼影,9-16色,17.5,39.9,0,357,69,426
1305050030074 ,6923149027957 ,MARIEBEAUTY玛丽佳人・光影雕刻九色眼影04秋叶 10g,100,广东快客电子商务有限公司,TC彩妆,眼影,多色眼影,9-16色,17.5,39.9,0,0,26,26
1305040020052 ,6953710804267 ,dongdong咚咚・酷感双眸眼线水笔硬笔 1ml,100,广东快客电子商务有限公司,TC彩妆,眼部,眼线,眼线液笔,17.5,39.9,0,0,5,5
1305040020052 ,6953710804267 ,dongdong咚咚・酷感双眸眼线水笔硬笔 1ml,116,深圳市盟客供应链科技有限公司,TC彩妆,眼部,眼线,眼线液笔,17.5,39.9,0,499,9,508
13020200521 ,6949549400022 ,iFiona菲奥娜・水漾CC霜40G,116,深圳市盟客供应链科技有限公司,TC彩妆,底妆,粉底,CC霜,17.36,39.9,0,119,145,264
1303020030015 ,6970379945339 ,HEXZE韩熙贞・立体光感修容盘01 12g,116,深圳市盟客供应链科技有限公司,TC彩妆,局部,阴影,阴影粉,17.2,49.9,0,287,378,665
1303020010025 ,6970930211712 ,Cata.Q86・光雕立体高光液H01萤火虫 3.5g,116,深圳市盟客供应链科技有限公司,TC彩妆,局部,高光,液体高光,17.15,39.9,0,0,9,9
1305020010073 ,6954496905926 ,CHIOTURE稚优泉・随芯所绘自动眉笔02温暖奶棕,116,深圳市盟客供应链科技有限公司,TC彩妆,眼部,眉笔,三角眉笔,17,39.9,0,0,23,23
1305050030188 ,6970370707530 ,MARIEBEAUTY玛丽佳人・四色晶钻眼影盘 02#浆果珊瑚 4.8g,100,广东快客电子商务有限公司,TC彩妆,眼影,多色眼影,2-8色,17,49.9,0,0,9,9
1305050030190 ,6970370707554 ,MARIEBEAUTY玛丽佳人・四色晶钻眼影盘 04#复古油画 4.8g,100,广东快客电子商务有限公司,TC彩妆,眼影,多色眼影,2-8色,17,49.9,0,6,0,6
1305020010014 ,6937962070656 ,SIVANNA COLORS思薇娜・精细造型眉笔1号色0.1G,100,广东快客电子商务有限公司,TC彩妆,眼部,眉笔,极细眉笔,17,49.9,0,0,10,10
1305020010015 ,6937962070663 ,SIVANNA COLORS思薇娜・精细造型眉笔2号色0.1G,116,深圳市盟客供应链科技有限公司,TC彩妆,眼部,眉笔,极细眉笔,17,49.9,0,73,696,769
1305020010015 ,6937962070663 ,SIVANNA COLORS思薇娜・精细造型眉笔2号色0.1G,100,广东快客电子商务有限公司,TC彩妆,眼部,眉笔,极细眉笔,17,49.9,0,0,6,6
1305050010029 ,6944364080183 ,ZENN・丝滑弹性单色眼影膏Z501 2.7g,100,广东快客电子商务有限公司,TC彩妆,眼影,单色眼影,单色眼影,16.95,49.9,0,1,42,43
1305050010028 ,6944364080190 ,ZENN・丝滑弹性单色眼影膏Z502 2.7g,116,深圳市盟客供应链科技有限公司,TC彩妆,眼影,单色眼影,单色眼影,16.95,49.9,0,24,16,40
1305050010027 ,6944364080206 ,ZENN・丝滑弹性单色眼影膏Z503 2.7g,116,深圳市盟客供应链科技有限公司,TC彩妆,眼影,单色眼影,单色眼影,16.95,49.9,0,327,32,359
1305050010026 ,6944364080213 ,ZENN・丝滑弹性单色眼影膏Z504 2.7g,116,深圳市盟客供应链科技有限公司,TC彩妆,眼影,单色眼影,单色眼影,16.95,49.9,0,1,17,18
1305050010025 ,6944364080220 ,ZENN・丝滑弹性单色眼影膏Z505 2.7g,100,广东快客电子商务有限公司,TC彩妆,眼影,单色眼影,单色眼影,16.95,49.9,0,0,10,10
1305050010025 ,6944364080220 ,ZENN・丝滑弹性单色眼影膏Z505 2.7g,116,深圳市盟客供应链科技有限公司,TC彩妆,眼影,单色眼影,单色眼影,16.95,49.9,0,0,7,7
1303020020057 ,6944364080053 ,ZENN・丝滑弹性腮红膏Z303 5.5g,100,广东快客电子商务有限公司,TC彩妆,局部,腮红,腮红膏,16.95,49.9,0,3,20,23
1303020020055 ,6944364080886 ,ZENN・柔雾单色腮红粉Z306 5g,116,深圳市盟客供应链科技有限公司,TC彩妆,局部,腮红,腮红粉,16.95,45.9,0,0,8,8
1303020020045 ,6923149029951 ,DongDong咚咚・云雾单色腮红03浆果玫瑰  4.5g,100,广东快客电子商务有限公司,TC彩妆,局部,腮红,腮红粉,16,39.9,0,0,6,6
1303020020046 ,6923149029968 ,DongDong咚咚・云雾单色腮红04肉桂奶茶  4.5g,116,深圳市盟客供应链科技有限公司,TC彩妆,局部,腮红,腮红粉,16,39.9,0,93,646,739
1303010070019 ,6923149029975 ,DongDong咚咚・空气柔光散粉01透明色 9g,116,深圳市盟客供应链科技有限公司,TC彩妆,底妆,定妆,散粉,16,39.9,0,0,162,162
1303010070020 ,6923149029982 ,DongDong咚咚・空气柔光散粉02柔粉色 9g,116,深圳市盟客供应链科技有限公司,TC彩妆,底妆,定妆,散粉,16,39.9,0,0,166,166
1303010070022 ,6923149030001 ,DongDong咚咚・空气柔光散粉04自然色 9g,100,广东快客电子商务有限公司,TC彩妆,底妆,定妆,散粉,16,39.9,0,0,8,8
1303010070022 ,6923149030001 ,DongDong咚咚・空气柔光散粉04自然色 9g,116,深圳市盟客供应链科技有限公司,TC彩妆,底妆,定妆,散粉,16,39.9,0,0,92,92
1305010040001 ,6923149027612 ,KQTQK库库韩社・睫毛弯弯双头睫毛膏4G+7G,116,深圳市盟客供应链科技有限公司,TC彩妆,眼部,睫毛,组合睫毛膏,15.8,39.9,0,269,44,313
1303010030037 ,6944449216612 ,AIDOFEC爱得菲・控油遮瑕亲肤粉饼01象牙白 9g,100,广东快客电子商务有限公司,TC彩妆,底妆,定妆,粉饼,15.78,49.9,0,0,77,77
1303010030036 ,6944449216629 ,AIDOFEC爱得菲・控油遮瑕亲肤粉饼02自然肤 9g,100,广东快客电子商务有限公司,TC彩妆,底妆,定妆,粉饼,15.78,49.9,0,0,76,76
1303020020016 ,6971538073283 ,Wet n Wild・幻彩元素腮红-一醉方休5.85G,116,深圳市盟客供应链科技有限公司,TC彩妆,局部,腮红,腮红粉,15.6,39.9,0,377,169,546
1303020020017 ,6971538073276 ,Wet n Wild・幻彩元素腮红-杏桃美味5.85G,116,深圳市盟客供应链科技有限公司,TC彩妆,局部,腮红,腮红粉,15.6,39.9,0,801,236,1037
1305020010005 ,6958136600912 ,VOV薇欧薇・丝滑防水眉笔21深棕色0.26G,116,深圳市盟客供应链科技有限公司,TC彩妆,眼部,眉笔,三角眉笔,15.5,39.9,0,135,22,157
1303020040041 ,6944364081111 ,ZENN・丝滑雾面遮瑕膏1# 15g,116,深圳市盟客供应链科技有限公司,TC彩妆,局部,遮瑕,遮瑕膏,15.5,39.9,0,988,175,1163
1302090020004 ,6953710803611 ,玛丽佳人・速描易画眼线水笔-经典酷黑1ML,116,深圳市盟客供应链科技有限公司,TC彩妆,眼部,眼线,眼线液笔,15.5,49.9,0,112,21,133
1305020010009 ,8809485973364 ,UNNY悠宜・双头自动旋转眉笔椭圆型1号色0.35G,116,深圳市盟客供应链科技有限公司,TC彩妆,眼部,眉笔,扁头眉笔,15.18,49.9,0,20,4,24
1305020010010 ,8809485973371 ,UNNY悠宜・双头自动旋转眉笔椭圆型2号色0.35G,100,广东快客电子商务有限公司,TC彩妆,眼部,眉笔,扁头眉笔,15.18,49.9,0,0,14,14
1305020010010 ,8809485973371 ,UNNY悠宜・双头自动旋转眉笔椭圆型2号色0.35G,116,深圳市盟客供应链科技有限公司,TC彩妆,眼部,眉笔,扁头眉笔,15.18,49.9,0,17,11,28
1305020010077 ,8809485973388 ,UNNY悠宜・双头自动旋转眉笔椭圆型3号色0.35g,116,深圳市盟客供应链科技有限公司,TC彩妆,眼部,眉笔,扁头眉笔,15.18,49.9,0,104,33,137
1305020010077 ,8809485973388 ,UNNY悠宜・双头自动旋转眉笔椭圆型3号色0.35g,100,广东快客电子商务有限公司,TC彩妆,眼部,眉笔,扁头眉笔,15.18,49.9,0,0,35,35
1305020010114 ,6972238110414 ,CAREMILLE珂曼・随心画精细双头眉笔01浅棕色 0.08g,116,深圳市盟客供应链科技有限公司,TC彩妆,眼部,眉笔,极细眉笔,15,39.9,0,3,48,51
1305020010116 ,6972238110438 ,CAREMILLE珂曼・随心画精细双头眉笔03自然灰 0.08g,116,深圳市盟客供应链科技有限公司,TC彩妆,眼部,眉笔,极细眉笔,15,39.9,0,9,23,32
1302010040133 ,6954496904349 ,CHIOTURE稚优泉・天空之镜水光唇釉G05 4.3g,116,深圳市盟客供应链科技有限公司,TC彩妆,唇部,唇釉,亮面唇釉,15,39.9,0,4,8,12
1302010040143 ,6954496906244 ,CHIOTURE稚优泉・天空之镜水光唇釉G15 4.3g,116,深圳市盟客供应链科技有限公司,TC彩妆,唇部,唇釉,亮面唇釉,15,39.9,0,0,9,9
1303010090004 ,6954496907883 ,CHIOTURE稚优泉・定妆喷雾控油款#02 65ml,116,深圳市盟客供应链科技有限公司,TC彩妆,底妆,定妆,定妆喷雾,15,49.9,0,34,28,62
1303020030040 ,6971053259667 ,Judydoll橘朵・随心组合修容#02 2.5g,116,深圳市盟客供应链科技有限公司,TC彩妆,局部,阴影,阴影粉,15,35.9,0,7,0,7
1303020010017 ,6971053259223 ,Judydoll橘朵・随心组合立体高光粉#01 3g,116,深圳市盟客供应链科技有限公司,TC彩妆,局部,高光,高光粉,15,35.9,0,9,0,9
1303020010017 ,6971053259223 ,Judydoll橘朵・随心组合立体高光粉#01 3g,100,广东快客电子商务有限公司,TC彩妆,局部,高光,高光粉,15,35.9,0,1,37,38
1303020010018 ,6971053259230 ,Judydoll橘朵・随心组合立体高光粉#02 3g,116,深圳市盟客供应链科技有限公司,TC彩妆,局部,高光,高光粉,15,35.9,0,7,0,7
1305040020016 ,6953710803901 ,MARIEBEAUTY玛丽佳人・精准速绘眼线笔 1ml,100,广东快客电子商务有限公司,TC彩妆,眼部,眼线,眼线液笔,15,29.9,0,0,32,32
1305040020016 ,6953710803901 ,MARIEBEAUTY玛丽佳人・精准速绘眼线笔 1ml,116,深圳市盟客供应链科技有限公司,TC彩妆,眼部,眼线,眼线液笔,15,29.9,0,0,11,11
14010400071 ,4987036433513 ,近江蔓莎・水分蜜桃润唇膏5.2G,100,广东快客电子商务有限公司,TC护肤,唇部护理,润唇,润唇膏,14.85,29.9,0,0,47,47
1302010040615 ,6970379947340 ,HEXZE韩熙贞・尤雾玩家哑光唇釉 M901 3.5g,116,深圳市盟客供应链科技有限公司,TC彩妆,唇部,唇釉,哑光唇釉,14.8,39.9,0,49,359,408
1302010040614 ,6970379947357 ,HEXZE韩熙贞・尤雾玩家哑光唇釉 M902 3.5g,116,深圳市盟客供应链科技有限公司,TC彩妆,唇部,唇釉,哑光唇釉,14.8,39.9,0,40,345,385
1302010040613 ,6970379947364 ,HEXZE韩熙贞・尤雾玩家哑光唇釉 M903 3.5g,116,深圳市盟客供应链科技有限公司,TC彩妆,唇部,唇釉,哑光唇釉,14.8,39.9,0,82,371,453
1302010040612 ,6970379947371 ,HEXZE韩熙贞・尤雾玩家哑光唇釉 M905 3.5g,116,深圳市盟客供应链科技有限公司,TC彩妆,唇部,唇釉,哑光唇釉,14.8,39.9,0,50,356,406
1302010040611 ,6970379947388 ,HEXZE韩熙贞・尤雾玩家哑光唇釉 M906 3.5g,116,深圳市盟客供应链科技有限公司,TC彩妆,唇部,唇釉,哑光唇釉,14.8,39.9,0,24,338,362
1303020020022 ,6923149025212 ,KQTQK库库韩社・彩虹糖芯渐变腮红1#15G,100,广东快客电子商务有限公司,TC彩妆,局部,腮红,腮红粉,14.8,39.9,0,0,60,60
1303020020022 ,6923149025212 ,KQTQK库库韩社・彩虹糖芯渐变腮红1#15G,116,深圳市盟客供应链科技有限公司,TC彩妆,局部,腮红,腮红粉,14.8,39.9,0,911,445,1356
1303020020023 ,6923149025229 ,KQTQK库库韩社・彩虹糖芯渐变腮红2#15G,116,深圳市盟客供应链科技有限公司,TC彩妆,局部,腮红,腮红粉,14.8,39.9,0,910,337,1247
1303020020023 ,6923149025229 ,KQTQK库库韩社・彩虹糖芯渐变腮红2#15G,100,广东快客电子商务有限公司,TC彩妆,局部,腮红,腮红粉,14.8,39.9,0,0,60,60
1303020020024 ,6923149025236 ,KQTQK库库韩社・彩虹糖芯渐变腮红3#15G,116,深圳市盟客供应链科技有限公司,TC彩妆,局部,腮红,腮红粉,14.8,39.9,0,963,128,1091
1305050030025 ,6923149027629 ,KQTQK库库韩社・星光少女八色眼影1# 12g,100,广东快客电子商务有限公司,TC彩妆,眼影,多色眼影,9-16色,14.8,39.9,0,0,20,20
1305050030025 ,6923149027629 ,KQTQK库库韩社・星光少女八色眼影1# 12g,116,深圳市盟客供应链科技有限公司,TC彩妆,眼影,多色眼影,9-16色,14.8,39.9,0,61,373,434
1305050030026 ,6923149027636 ,KQTQK库库韩社・星光少女八色眼影2# 12g,116,深圳市盟客供应链科技有限公司,TC彩妆,眼影,多色眼影,9-16色,14.8,39.9,0,0,62,62
1305050030026 ,6923149027636 ,KQTQK库库韩社・星光少女八色眼影2# 12g,100,广东快客电子商务有限公司,TC彩妆,眼影,多色眼影,9-16色,14.8,39.9,0,0,40,40
1305050030150 ,6923149031015 ,KQTQK库库韩社・星光少女八色眼影4# 12g,100,广东快客电子商务有限公司,TC彩妆,眼影,多色眼影,9-16色,14.8,39.9,0,0,64,64
1305050030151 ,6923149031022 ,KQTQK库库韩社・星光少女八色眼影5# 12g,100,广东快客电子商务有限公司,TC彩妆,眼影,多色眼影,9-16色,14.8,39.9,0,0,64,64
1305020010029 ,6923149027582 ,KQTQK库库韩社・浆果可可水性眉笔2#4G,116,深圳市盟客供应链科技有限公司,TC彩妆,眼部,眉笔,三角眉笔,14.8,29.9,0,0,28,28
1302030010143 ,6944364080282 ,ZENN・雾感哑光口红Z906 3.8g,100,广东快客电子商务有限公司,TC彩妆,唇部,口红,哑光口红,14.69,49.9,0,0,19,19
1301060030001 ,8809382882202 ,活力年华・蒸汽眼罩4片盒,116,深圳市盟客供应链科技有限公司,TC护肤,眼部护理,眼罩,眼罩,14.61,29.9,0,197,388,585
1305050010109 ,6971419431508 ,SO COOL SO ME ・ 电光派对混搭眼影  14# EM-14 无人之地 2.6g,116,深圳市盟客供应链科技有限公司,TC彩妆,眼影,单色眼影,单色眼影,14.5,29.9,0,5,0,5
1305050010228 ,6971419433465 ,SO COOL SO ME ・ 电光派对混搭眼影 1# EM-01 友谊 2.3g,116,深圳市盟客供应链科技有限公司,TC彩妆,眼影,单色眼影,单色眼影,14.5,29.9,0,0,959,959
1305050010114 ,6971419431669 ,SO COOL SO ME ・ 电光派对混搭眼影 30#  EG-23 柏林 2.6g,116,深圳市盟客供应链科技有限公司,TC彩妆,眼影,单色眼影,单色眼影,14.5,29.9,0,32,1317,1349
1305050010117 ,6971419431720 ,SO COOL SO ME ・ 电光派对混搭眼影 36#   EG-26 独舞2.5g,116,深圳市盟客供应链科技有限公司,TC彩妆,眼影,单色眼影,单色眼影,14.5,29.9,0,0,8,8
1305050010105 ,6971419431409 ,SO COOL SO ME ・ 电光派对混搭眼影 4# EM-04 无名邀请 2.6g,116,深圳市盟客供应链科技有限公司,TC彩妆,眼影,单色眼影,单色眼影,14.5,29.9,0,0,108,108
13050500101035 ,6971419431850 ,SO COOL SO ME・电光派对混搭眼影 EG-17 说做就做 2.5g,116,深圳市盟客供应链科技有限公司,TC彩妆,眼影,单色眼影,单色眼影,14.5,29.9,0,0,236,236
13050500101033 ,6971419431652 ,SO COOL SO ME・电光派对混搭眼影 EM-27 独生子女 2.6g,116,深圳市盟客供应链科技有限公司,TC彩妆,眼影,单色眼影,单色眼影,14.5,29.9,0,0,250,250
1302030010044 ,6970419170714 ,iFiona菲奥娜・巴黎之吻钻石口红C01 3.8G,100,广东快客电子商务有限公司,TC彩妆,唇部,口红,哑光口红,14.47,39.9,0,0,14,14
1302030010045 ,6970419170745 ,iFiona菲奥娜・巴黎之吻钻石口红C04 3.8G,100,广东快客电子商务有限公司,TC彩妆,唇部,口红,哑光口红,14.47,39.9,0,0,12,12
1302030010046 ,6970419170752 ,iFiona菲奥娜・巴黎之吻钻石口红C05 3.8G,100,广东快客电子商务有限公司,TC彩妆,唇部,口红,哑光口红,14.47,39.9,0,0,14,14
1302030010047 ,6970419170769 ,iFiona菲奥娜・巴黎之吻钻石口红C06 3.8G,100,广东快客电子商务有限公司,TC彩妆,唇部,口红,哑光口红,14.47,39.9,0,0,11,11
1302010040610 ,6970379947395 ,HEXZE韩熙贞・半熟期待水光唇釉H61 3.5g,116,深圳市盟客供应链科技有限公司,TC彩妆,唇部,唇釉,亮面唇釉,14.2,39.9,0,0,1462,1462
1302010040609 ,6970379947401 ,HEXZE韩熙贞・半熟期待水光唇釉H62 3.5g,116,深圳市盟客供应链科技有限公司,TC彩妆,唇部,唇釉,亮面唇釉,14.2,39.9,0,1,824,825
1302010040608 ,6970379947418 ,HEXZE韩熙贞・半熟期待水光唇釉H63 3.5g,116,深圳市盟客供应链科技有限公司,TC彩妆,唇部,唇釉,亮面唇釉,14.2,39.9,0,0,968,968
1302010040618 ,6970379947111 ,HEXZE韩熙贞・纯臻丝绒哑光唇釉 #M71 3.8g,116,深圳市盟客供应链科技有限公司,TC彩妆,唇部,唇釉,哑光唇釉,14.2,39.9,0,24,49,73
1302010040619 ,6970379947128 ,HEXZE韩熙贞・纯臻丝绒哑光唇釉 #M72 3.8g,116,深圳市盟客供应链科技有限公司,TC彩妆,唇部,唇釉,哑光唇釉,14.2,39.9,0,55,103,158
1302010040067 ,6970379945179 ,HEXZE韩熙贞・纯臻丝绒哑光唇釉#M61豆沙色4g,100,广东快客电子商务有限公司,TC彩妆,唇部,唇釉,哑光唇釉,14.2,39.9,0,0,8,8
1302010040067 ,6970379945179 ,HEXZE韩熙贞・纯臻丝绒哑光唇釉#M61豆沙色4g,116,深圳市盟客供应链科技有限公司,TC彩妆,唇部,唇釉,哑光唇釉,14.2,39.9,0,5,0,5
1302010040066 ,6970379945186 ,HEXZE韩熙贞・纯臻丝绒哑光唇釉#M62复古红4g,100,广东快客电子商务有限公司,TC彩妆,唇部,唇釉,哑光唇釉,14.2,39.9,0,0,10,10
1302010040065 ,6970379945193 ,HEXZE韩熙贞・纯臻丝绒哑光唇釉#M63正红色4g,100,广东快客电子商务有限公司,TC彩妆,唇部,唇釉,哑光唇釉,14.2,39.9,0,4,8,12
1302010040064 ,6970379945209 ,HEXZE韩熙贞・纯臻丝绒哑光唇釉#M65杏橘色4g,100,广东快客电子商务有限公司,TC彩妆,唇部,唇釉,哑光唇釉,14.2,39.9,0,0,9,9
1302010040063 ,6970379945216 ,HEXZE韩熙贞・纯臻丝绒哑光唇釉#M66枫橘棕4g,100,广东快客电子商务有限公司,TC彩妆,唇部,唇釉,哑光唇釉,14.2,39.9,0,0,6,6
1302010040062 ,6970379946183 ,HEXZE韩熙贞・纯臻丝绒哑光唇釉#M67牛血色4g,100,广东快客电子商务有限公司,TC彩妆,唇部,唇釉,哑光唇釉,14.2,39.9,0,5,19,24
1302010040062 ,6970379946183 ,HEXZE韩熙贞・纯臻丝绒哑光唇釉#M67牛血色4g,116,深圳市盟客供应链科技有限公司,TC彩妆,唇部,唇釉,哑光唇釉,14.2,39.9,0,0,6,6
1302010040061 ,6970379946435 ,HEXZE韩熙贞・纯臻丝绒哑光唇釉#M68赤茶棕4g,100,广东快客电子商务有限公司,TC彩妆,唇部,唇釉,哑光唇釉,14.2,39.9,0,0,10,10
1302010040060 ,6970379946442 ,HEXZE韩熙贞・纯臻丝绒哑光唇釉#M69奶橘色4g,100,广东快客电子商务有限公司,TC彩妆,唇部,唇釉,哑光唇釉,14.2,39.9,0,0,11,11
1305040020037 ,6971555165626 ,ZEESEA滋色・炫黑持久眼线笔（软毛棕色升级版）0.5g,100,广东快客电子商务有限公司,TC彩妆,眼部,眼线,眼线液笔,14.13,45.9,0,0,7,7
1305050010020 ,6923149029883 ,DongDong咚咚・幻彩星辰眼影粉04星钻酒红 1.5g,116,深圳市盟客供应链科技有限公司,TC彩妆,眼影,眼影粉,眼影粉,14,39.9,0,5,1,6
1305050010024 ,6923149029920 ,DongDong咚咚・幻彩星辰眼影粉08牛油果绿1.5g,100,广东快客电子商务有限公司,TC彩妆,眼影,眼影粉,眼影粉,14,39.9,0,0,5,5
1305050010024 ,6923149029920 ,DongDong咚咚・幻彩星辰眼影粉08牛油果绿1.5g,116,深圳市盟客供应链科技有限公司,TC彩妆,眼影,眼影粉,眼影粉,14,39.9,0,5,178,183
1305050010014 ,6923149029821 ,DongDong咚咚・琉璃晶钻液体眼影04流星焦糖 3g,100,广东快客电子商务有限公司,TC彩妆,眼影,液体眼影,液体眼影,14,39.9,0,0,22,22
1305050010014 ,6923149029821 ,DongDong咚咚・琉璃晶钻液体眼影04流星焦糖 3g,116,深圳市盟客供应链科技有限公司,TC彩妆,眼影,液体眼影,液体眼影,14,39.9,0,427,134,561
1305050010016 ,6923149029845 ,DongDong咚咚・琉璃晶钻液体眼影06玫瑰星河 3g,100,广东快客电子商务有限公司,TC彩妆,眼影,液体眼影,液体眼影,14,39.9,0,0,15,15
1305050010016 ,6923149029845 ,DongDong咚咚・琉璃晶钻液体眼影06玫瑰星河 3g,116,深圳市盟客供应链科技有限公司,TC彩妆,眼影,液体眼影,液体眼影,14,39.9,0,5,0,5
1303020020099 ,6971053256062 ,Judydoll橘朵・水漾丝滑液体腮红#01 10g,100,广东快客电子商务有限公司,TC彩妆,局部,腮红,液体腮红,14,32.8,0,0,20,20
1303020020099 ,6971053256062 ,Judydoll橘朵・水漾丝滑液体腮红#01 10g,116,深圳市盟客供应链科技有限公司,TC彩妆,局部,腮红,液体腮红,14,32.8,0,167,0,167
1303020020096 ,6971053256086 ,Judydoll橘朵・水漾丝滑液体腮红#04 10g,116,深圳市盟客供应链科技有限公司,TC彩妆,局部,腮红,液体腮红,14,32.8,0,559,0,559
1302030010019 ,6957694701222 ,SIVANNA COLORS思薇娜・丝滑口红06#3G,100,广东快客电子商务有限公司,TC彩妆,唇部,口红,亮面口红,14,39.9,0,0,11,11
1302030010019 ,6957694701222 ,SIVANNA COLORS思薇娜・丝滑口红06#3G,116,深圳市盟客供应链科技有限公司,TC彩妆,唇部,口红,亮面口红,14,39.9,0,0,30,30
1305050030033 ,6956050401059 ,Luckytrendy・三色眼影TRCES502 3G,100,广东快客电子商务有限公司,TC彩妆,眼影,多色眼影,2-8色,13.92,29.9,0,0,8,8
1305050030033 ,6956050401059 ,Luckytrendy・三色眼影TRCES502 3G,116,深圳市盟客供应链科技有限公司,TC彩妆,眼影,多色眼影,2-8色,13.92,29.9,0,74,427,501
1305020010031 ,6956050401271 ,Luckytrendy・灰棕眉笔501 0.3G,116,深圳市盟客供应链科技有限公司,TC彩妆,眼部,眉笔,极细眉笔,13.92,29.9,0,74,62,136
1303010080016 ,6970379946329 ,HEXZE韩熙贞・轻透亮采隔离防护素颜喷雾150ml,116,深圳市盟客供应链科技有限公司,TC彩妆,底妆,定妆,定妆喷雾,13.8,49.9,0,0,73,73
1305010020002 ,8806182546365 ,菲诗小铺・经典黑杆防水睫毛膏2号 7G,100,广东快客电子商务有限公司,TC彩妆,眼部,睫毛,卷翘睫毛膏,13.72,29.9,0,11,4,15
1402030010014 ,8809392418583 ,Fascy发希・密润唇膏桃子3.9g,100,广东快客电子商务有限公司,TC护肤,唇部护理,润唇,润唇膏,13.5,26.9,0,0,49,49
1402030010014 ,8809392418583 ,Fascy发希・密润唇膏桃子3.9g,116,深圳市盟客供应链科技有限公司,TC护肤,唇部护理,润唇,润唇膏,13.5,26.9,0,0,9,9
1402030010013 ,8809392418590 ,Fascy发希・密润唇膏草莓3.9g,116,深圳市盟客供应链科技有限公司,TC护肤,唇部护理,润唇,润唇膏,13.5,26.9,0,0,10,10
1402030010013 ,8809392418590 ,Fascy发希・密润唇膏草莓3.9g,100,广东快客电子商务有限公司,TC护肤,唇部护理,润唇,润唇膏,13.5,26.9,0,0,35,35
1402030010012 ,8809392418606 ,Fascy发希・密润唇膏香蕉3.9g,116,深圳市盟客供应链科技有限公司,TC护肤,唇部护理,润唇,润唇膏,13.5,26.9,0,7,11,18
1402030010012 ,8809392418606 ,Fascy发希・密润唇膏香蕉3.9g,100,广东快客电子商务有限公司,TC护肤,唇部护理,润唇,润唇膏,13.5,26.9,0,0,12,12
13010600691 ,6919361704714 ,菲诗小铺・每日草本石榴泡沫洁面膏170G,116,深圳市盟客供应链科技有限公司,TC护肤,洁面,洁面乳,补水保湿,13.07,29.9,0,0,30,30
1303020040029 ,6971053255775 ,Judydoll橘朵・丝柔无痕遮瑕液01 3.2g,116,深圳市盟客供应链科技有限公司,TC彩妆,局部,遮瑕,遮瑕液,13,35.9,0,10,0,10
1303020020084 ,6971053251074 ,Judydoll橘朵・润色丝滑单色腮红#01 2g,116,深圳市盟客供应链科技有限公司,TC彩妆,局部,腮红,腮红粉,13,29.9,0,10,0,10
1303020020086 ,6971053251098 ,Judydoll橘朵・润色丝滑单色腮红#03 2g,116,深圳市盟客供应链科技有限公司,TC彩妆,局部,腮红,腮红粉,13,29.9,0,11,0,11
1303020020088 ,6971053251111 ,Judydoll橘朵・润色丝滑单色腮红#05 2g,116,深圳市盟客供应链科技有限公司,TC彩妆,局部,腮红,腮红粉,13,29.9,0,10,0,10
1303020020090 ,6971053251500 ,Judydoll橘朵・润色丝滑单色腮红#09 2g,116,深圳市盟客供应链科技有限公司,TC彩妆,局部,腮红,腮红粉,13,29.9,0,10,0,10
1303020020090 ,6971053251500 ,Judydoll橘朵・润色丝滑单色腮红#09 2g,100,广东快客电子商务有限公司,TC彩妆,局部,腮红,腮红粉,13,29.9,0,0,96,96
1303020020091 ,6971053257656 ,Judydoll橘朵・润色丝滑单色腮红#11 2g,116,深圳市盟客供应链科技有限公司,TC彩妆,局部,腮红,腮红粉,13,29.9,0,6,0,6
1303020020092 ,6971053258882 ,Judydoll橘朵・润色丝滑单色腮红#17 2g,116,深圳市盟客供应链科技有限公司,TC彩妆,局部,腮红,腮红粉,13,29.9,0,9,0,9
1305020010054 ,6953710804168 ,MARIEBEAUTY玛丽佳人・细芯画眉笔 01棕咖 0.1g,116,深圳市盟客供应链科技有限公司,TC彩妆,眼部,眉笔,极细眉笔,13,29.9,0,3,772,775
1305020010055 ,6953710804175 ,MARIEBEAUTY玛丽佳人・细芯画眉笔 02烟灰 0.1g,116,深圳市盟客供应链科技有限公司,TC彩妆,眼部,眉笔,极细眉笔,13,29.9,0,0,689,689
1305020010057 ,6953710804199 ,MARIEBEAUTY玛丽佳人・细芯画眉笔 04深咖 0.1g,116,深圳市盟客供应链科技有限公司,TC彩妆,眼部,眉笔,极细眉笔,13,29.9,0,329,701,1030
1303010020003 ,6923149027421 ,KQTQK库库韩社・水光莹润CC霜1#30ML,116,深圳市盟客供应链科技有限公司,TC彩妆,底妆,粉底,CC霜,12.8,29.9,0,0,38,38
1303010020004 ,6923149027438 ,KQTQK库库韩社・水光莹润CC霜2#30ML,116,深圳市盟客供应链科技有限公司,TC彩妆,底妆,粉底,CC霜,12.8,29.9,0,47,17,64
1305050030021 ,6923149025175 ,KQTQK库库韩社・花漾甜心十色眼影1#12G,116,深圳市盟客供应链科技有限公司,TC彩妆,眼影,多色眼影,9-16色,12.8,49.9,0,870,766,1636
1305050030022 ,6923149025182 ,KQTQK库库韩社・花漾甜心十色眼影2#12G,100,广东快客电子商务有限公司,TC彩妆,眼影,多色眼影,9-16色,12.8,49.9,0,0,20,20
1305050030022 ,6923149025182 ,KQTQK库库韩社・花漾甜心十色眼影2#12G,116,深圳市盟客供应链科技有限公司,TC彩妆,眼影,多色眼影,9-16色,12.8,49.9,0,950,6,956
1302010040031 ,6923149024765 ,KQTQK库库韩社・蜜糖女孩滋润唇釉1#4G,100,广东快客电子商务有限公司,TC彩妆,唇部,唇釉,亮面唇釉,12.8,39.9,0,0,17,17
1302010040032 ,6923149024772 ,KQTQK库库韩社・蜜糖女孩滋润唇釉2#4G,116,深圳市盟客供应链科技有限公司,TC彩妆,唇部,唇釉,亮面唇釉,12.8,39.9,0,7,0,7
1302010040032 ,6923149024772 ,KQTQK库库韩社・蜜糖女孩滋润唇釉2#4G,100,广东快客电子商务有限公司,TC彩妆,唇部,唇釉,亮面唇釉,12.8,39.9,0,0,13,13
1302010040034 ,6923149024796 ,KQTQK库库韩社・蜜糖女孩滋润唇釉4#4G,116,深圳市盟客供应链科技有限公司,TC彩妆,唇部,唇釉,亮面唇釉,12.8,39.9,0,25,0,25
1302010040034 ,6923149024796 ,KQTQK库库韩社・蜜糖女孩滋润唇釉4#4G,100,广东快客电子商务有限公司,TC彩妆,唇部,唇釉,亮面唇釉,12.8,39.9,0,0,9,9
1302010040035 ,6923149024802 ,KQTQK库库韩社・蜜糖女孩滋润唇釉5#4G,116,深圳市盟客供应链科技有限公司,TC彩妆,唇部,唇釉,亮面唇釉,12.8,39.9,0,142,0,142
1302010040035 ,6923149024802 ,KQTQK库库韩社・蜜糖女孩滋润唇釉5#4G,100,广东快客电子商务有限公司,TC彩妆,唇部,唇釉,亮面唇釉,12.8,39.9,0,0,14,14
1302010040036 ,6923149024819 ,KQTQK库库韩社・蜜糖女孩滋润唇釉6#4G,100,广东快客电子商务有限公司,TC彩妆,唇部,唇釉,亮面唇釉,12.8,39.9,0,0,15,15
1302010040036 ,6923149024819 ,KQTQK库库韩社・蜜糖女孩滋润唇釉6#4G,116,深圳市盟客供应链科技有限公司,TC彩妆,唇部,唇釉,亮面唇釉,12.8,39.9,0,5,0,5
1402020010024 ,8809290734181 ,PhytoTree哈帝丝・奶酪护手霜50G,116,深圳市盟客供应链科技有限公司,TC护肤,冬季用品,手部护理,护手霜,12.6,26.9,0,0,49,49
1402020010024 ,8809290734181 ,PhytoTree哈帝丝・奶酪护手霜50G,100,广东快客电子商务有限公司,TC护肤,冬季用品,手部护理,护手霜,12.6,26.9,0,0,129,129
1302010040059 ,6970379944141 ,HEXZE韩熙贞・纯臻耀色唇釉01蜜糖暖橘5g,100,广东快客电子商务有限公司,TC彩妆,唇部,唇釉,亮面唇釉,12.5,39.9,0,0,8,8
1302010040056 ,6970379944172 ,HEXZE韩熙贞・纯臻耀色唇釉04焦糖红枫5g,100,广东快客电子商务有限公司,TC彩妆,唇部,唇釉,亮面唇釉,12.5,39.9,0,0,9,9
13050400101005 ,6971555169150 ,ZEESEA滋色・锁色持妆眼线胶笔（#1摩卡棕）0.28g,116,深圳市盟客供应链科技有限公司,TC彩妆,眼部,眼线,眼线胶笔,12.43,45.9,0,409,1316,1725
1303020010009 ,6970379946343 ,HEXZE韩熙贞・璀璨北极光高光盘#01高光色3.8g,116,深圳市盟客供应链科技有限公司,TC彩妆,局部,高光,高光粉,12.3,29.9,0,611,185,796
1303020010008 ,6970379946350 ,HEXZE韩熙贞・璀璨北极光高光盘#02香槟色3.8g,100,广东快客电子商务有限公司,TC彩妆,局部,高光,高光粉,12.3,29.9,0,0,10,10
1303020010008 ,6970379946350 ,HEXZE韩熙贞・璀璨北极光高光盘#02香槟色3.8g,116,深圳市盟客供应链科技有限公司,TC彩妆,局部,高光,高光粉,12.3,29.9,0,803,563,1366
1303020010007 ,6970379946367 ,HEXZE韩熙贞・璀璨北极光高光盘#03人鱼姬色3.8g,116,深圳市盟客供应链科技有限公司,TC彩妆,局部,高光,高光粉,12.3,29.9,0,144,26,170
13021100031 ,6944635142022 ,MISSHA谜尚・斯黛尔净颜无瑕遮瑕膏21号3G,100,广东快客电子商务有限公司,TC彩妆,局部,遮瑕,遮瑕膏,12.27,22.9,0,0,5,5
1303020040035 ,6970466804105 ,MOOKOO美空・无瑕可击双头遮瑕液,116,深圳市盟客供应链科技有限公司,TC彩妆,局部,遮瑕,遮瑕液,12.25,39.9,0,0,48,48
1305010060019 ,6970466803214 ,efu・惊喜魅长睫毛膏 11g,116,深圳市盟客供应链科技有限公司,TC彩妆,眼部,睫毛,纤长睫毛膏,12.25,39.9,0,80,74,154
1305050010099 ,6971053256659 ,Judydoll橘朵・柔光幻彩单色眼影G192 1.6g,100,广东快客电子商务有限公司,TC彩妆,眼影,单色眼影,单色眼影,12,27.8,0,12,20,32
1305050010043 ,6971053258585 ,Judydoll橘朵・柔光幻彩单色眼影G44 1.6g,100,广东快客电子商务有限公司,TC彩妆,眼影,单色眼影,单色眼影,12,27.8,0,0,48,48
1305050010048 ,6971053254402 ,Judydoll橘朵・柔光幻彩单色眼影L107 1.2g,100,广东快客电子商务有限公司,TC彩妆,眼影,单色眼影,单色眼影,12,27.8,0,0,16,16
1305050010091 ,6971053254525 ,Judydoll橘朵・柔光幻彩单色眼影L66 1g,100,广东快客电子商务有限公司,TC彩妆,眼影,单色眼影,单色眼影,12,27.8,0,0,29,29
1305050010052 ,6971053256314 ,Judydoll橘朵・柔光幻彩单色眼影M171 1.3g,116,深圳市盟客供应链科技有限公司,TC彩妆,眼影,单色眼影,单色眼影,12,27.8,0,0,21,21
1305050010056 ,6971053256536 ,Judydoll橘朵・柔光幻彩单色眼影M180 1.6g,100,广东快客电子商务有限公司,TC彩妆,眼影,单色眼影,单色眼影,12,27.8,0,0,27,27
1305050010066 ,6971053250657 ,Judydoll橘朵・柔光幻彩单色眼影M29 1.6g,100,广东快客电子商务有限公司,TC彩妆,眼影,单色眼影,单色眼影,12,27.8,0,0,19,19
1305050010081 ,6971053251937 ,Judydoll橘朵・柔光幻彩单色眼影M47 1.6g,100,广东快客电子商务有限公司,TC彩妆,眼影,单色眼影,单色眼影,12,27.8,0,0,23,23
1305050010080 ,6971053257595 ,Judydoll橘朵・柔光幻彩单色眼影M77 1.4g,100,广东快客电子商务有限公司,TC彩妆,眼影,单色眼影,单色眼影,12,27.8,0,0,25,25
1305050030045 ,6970379942338 ,HEXZE韩熙贞・一抹幻彩三色眼影01乐活暖橘4g,116,深圳市盟客供应链科技有限公司,TC彩妆,眼影,多色眼影,2-8色,11.8,39.9,0,5,0,5
1305050030044 ,6970379942345 ,HEXZE韩熙贞・一抹幻彩三色眼影02宣嚣绯红4g,116,深圳市盟客供应链科技有限公司,TC彩妆,眼影,多色眼影,2-8色,11.8,39.9,0,5,0,5
1305050030043 ,6970379942352 ,HEXZE韩熙贞・一抹幻彩三色眼影03梦魅酒红4g,116,深圳市盟客供应链科技有限公司,TC彩妆,眼影,多色眼影,2-8色,11.8,39.9,0,5,0,5
1302030010048 ,6923149024888 ,KQTQK库库韩社・蜜桃星钻哑光口红1#3.2G,100,广东快客电子商务有限公司,TC彩妆,唇部,口红,亮面口红,11.8,29.9,0,0,58,58
1302030010048 ,6923149024888 ,KQTQK库库韩社・蜜桃星钻哑光口红1#3.2G,116,深圳市盟客供应链科技有限公司,TC彩妆,唇部,口红,亮面口红,11.8,29.9,0,0,12,12
1302030010049 ,6923149024895 ,KQTQK库库韩社・蜜桃星钻哑光口红2#3.2G,100,广东快客电子商务有限公司,TC彩妆,唇部,口红,亮面口红,11.8,29.9,0,0,9,9
1302030010050 ,6923149024901 ,KQTQK库库韩社・蜜桃星钻哑光口红3#3.2G,100,广东快客电子商务有限公司,TC彩妆,唇部,口红,亮面口红,11.8,29.9,0,0,8,8
1302030010051 ,6923149024918 ,KQTQK库库韩社・蜜桃星钻哑光口红4#3.2G,116,深圳市盟客供应链科技有限公司,TC彩妆,唇部,口红,亮面口红,11.8,29.9,0,5,0,5
1302030010051 ,6923149024918 ,KQTQK库库韩社・蜜桃星钻哑光口红4#3.2G,100,广东快客电子商务有限公司,TC彩妆,唇部,口红,亮面口红,11.8,29.9,0,0,8,8
1302030010052 ,6923149024925 ,KQTQK库库韩社・蜜桃星钻哑光口红5#3.2G,100,广东快客电子商务有限公司,TC彩妆,唇部,口红,亮面口红,11.8,29.9,0,0,9,9
1302030010052 ,6923149024925 ,KQTQK库库韩社・蜜桃星钻哑光口红5#3.2G,116,深圳市盟客供应链科技有限公司,TC彩妆,唇部,口红,亮面口红,11.8,29.9,0,17,39,56
1302030010053 ,6923149024932 ,KQTQK库库韩社・蜜桃星钻哑光口红6#3.2G,100,广东快客电子商务有限公司,TC彩妆,唇部,口红,亮面口红,11.8,29.9,0,9,7,16
1302030010053 ,6923149024932 ,KQTQK库库韩社・蜜桃星钻哑光口红6#3.2G,116,深圳市盟客供应链科技有限公司,TC彩妆,唇部,口红,亮面口红,11.8,29.9,0,204,30,234
13020200841 ,6923149012199 ,JEMESKIN・立体美颜高光修容棒5G,100,广东快客电子商务有限公司,TC彩妆,局部,阴影,阴影膏,11.3,29.9,0,6,16,22
13020200841 ,6923149012199 ,JEMESKIN・立体美颜高光修容棒5G,116,深圳市盟客供应链科技有限公司,TC彩妆,局部,阴影,阴影膏,11.3,29.9,0,550,66,616
1303020020021 ,6923149024635 ,KQTQK库库韩社・海派甜星单色腮红4#6.5g,116,深圳市盟客供应链科技有限公司,TC彩妆,局部,腮红,腮红粉,11.3,29.9,0,47,51,98
1303010070009 ,6923149025809 ,KQTQK库库韩社・清新粉嫩素颜散粉1#9G,100,广东快客电子商务有限公司,TC彩妆,底妆,定妆,散粉,11.3,29.9,0,0,8,8
1303010070010 ,6923149025816 ,KQTQK库库韩社・清新粉嫩素颜散粉2#9G,116,深圳市盟客供应链科技有限公司,TC彩妆,底妆,定妆,散粉,11.3,29.9,0,156,0,156
1305050030014 ,6923149025106 ,KQTQK库库韩社・粉嫩年华四色眼影1#16G,116,深圳市盟客供应链科技有限公司,TC彩妆,眼影,多色眼影,2-8色,11.3,29.9,0,2743,2929,5672
1305050030014 ,6923149025106 ,KQTQK库库韩社・粉嫩年华四色眼影1#16G,100,广东快客电子商务有限公司,TC彩妆,眼影,多色眼影,2-8色,11.3,29.9,0,0,10,10
1305050030015 ,6923149025113 ,KQTQK库库韩社・粉嫩年华四色眼影2#16G,100,广东快客电子商务有限公司,TC彩妆,眼影,多色眼影,2-8色,11.3,29.9,0,0,13,13
1305050030015 ,6923149025113 ,KQTQK库库韩社・粉嫩年华四色眼影2#16G,116,深圳市盟客供应链科技有限公司,TC彩妆,眼影,多色眼影,2-8色,11.3,29.9,0,2842,3031,5873
1305050030016 ,6923149025120 ,KQTQK库库韩社・粉嫩年华四色眼影3#16G,100,广东快客电子商务有限公司,TC彩妆,眼影,多色眼影,2-8色,11.3,29.9,0,0,8,8
1305050030016 ,6923149025120 ,KQTQK库库韩社・粉嫩年华四色眼影3#16G,116,深圳市盟客供应链科技有限公司,TC彩妆,眼影,多色眼影,2-8色,11.3,29.9,0,2990,2394,5384
1305050030017 ,6923149025137 ,KQTQK库库韩社・粉嫩年华四色眼影4#16G,116,深圳市盟客供应链科技有限公司,TC彩妆,眼影,多色眼影,2-8色,11.3,29.9,0,4237,1229,5466
1305050030017 ,6923149025137 ,KQTQK库库韩社・粉嫩年华四色眼影4#16G,100,广东快客电子商务有限公司,TC彩妆,眼影,多色眼影,2-8色,11.3,29.9,0,0,8,8
1305050030019 ,6923149025151 ,KQTQK库库韩社・辛德瑞拉八色眼影2#14.8G,100,广东快客电子商务有限公司,TC彩妆,眼影,多色眼影,2-8色,11.3,39.9,0,5,36,41
1305050030148 ,6923149030995 ,KQTQK库库韩社・辛德瑞拉八色眼影4#14.8g,100,广东快客电子商务有限公司,TC彩妆,眼影,多色眼影,9-16色,11.3,39.9,0,0,64,64
1305050030149 ,6923149031008 ,KQTQK库库韩社・辛德瑞拉八色眼影5#14.8g,100,广东快客电子商务有限公司,TC彩妆,眼影,多色眼影,9-16色,11.3,39.9,0,0,64,64
1305050010010 ,6970379946503 ,HEXZE韩熙贞・星钻流光液体眼影PGC2557 2g,116,深圳市盟客供应链科技有限公司,TC彩妆,眼影,液体眼影,液体眼影,11.2,29.9,0,478,250,728
1305050010010 ,6970379946503 ,HEXZE韩熙贞・星钻流光液体眼影PGC2557 2g,100,广东快客电子商务有限公司,TC彩妆,眼影,液体眼影,液体眼影,11.2,29.9,0,1,8,9
1305020030015 ,6944449241720 ,AIDOFEC爱得菲・妙笔生辉自动砍刀眉笔03咖啡色 0.32g,100,广东快客电子商务有限公司,TC彩妆,眼部,眉笔,扁头眉笔,11.05,29.9,0,0,78,78
1305020030015 ,6944449241720 ,AIDOFEC爱得菲・妙笔生辉自动砍刀眉笔03咖啡色 0.32g,116,深圳市盟客供应链科技有限公司,TC彩妆,眼部,眉笔,扁头眉笔,11.05,29.9,0,379,26,405
1303010050007 ,6923149027452 ,KQTQK库库韩社・搪瓷清透隔离霜2#20ML,116,深圳市盟客供应链科技有限公司,TC彩妆,底妆,妆前,隔离霜,10.8,29.9,0,402,117,519
1303020040010 ,6923149024949 ,KQTQK库库韩社・百变小樱遮瑕笔1#2G,116,深圳市盟客供应链科技有限公司,TC彩妆,局部,遮瑕,遮瑕膏,10.8,29.9,0,0,6,6
1305050020001 ,6923149024963 ,KQTQK库库韩社・萤光女孩眼影笔1#1.4g,100,广东快客电子商务有限公司,TC彩妆,眼影,眼影笔,眼影笔,10.8,29.9,0,0,50,50
1305050020001 ,6923149024963 ,KQTQK库库韩社・萤光女孩眼影笔1#1.4g,116,深圳市盟客供应链科技有限公司,TC彩妆,眼影,眼影笔,眼影笔,10.8,29.9,0,468,111,579
1305050020003 ,6923149024987 ,KQTQK库库韩社・萤光女孩眼影笔3#1.4g,116,深圳市盟客供应链科技有限公司,TC彩妆,眼影,眼影笔,眼影笔,10.8,29.9,0,42,110,152
1305050020004 ,6923149024994 ,KQTQK库库韩社・萤光女孩眼影笔4#1.4g,116,深圳市盟客供应链科技有限公司,TC彩妆,眼影,眼影笔,眼影笔,10.8,29.9,0,0,8,8
1305050020005 ,6923149025007 ,KQTQK库库韩社・萤光女孩眼影笔5#1.4g,116,深圳市盟客供应链科技有限公司,TC彩妆,眼影,眼影笔,眼影笔,10.8,29.9,0,184,13,197
1305050020006 ,6923149025014 ,KQTQK库库韩社・萤光女孩眼影笔6#1.4g,100,广东快客电子商务有限公司,TC彩妆,眼影,眼影笔,眼影笔,10.8,29.9,0,0,7,7
1305050020006 ,6923149025014 ,KQTQK库库韩社・萤光女孩眼影笔6#1.4g,116,深圳市盟客供应链科技有限公司,TC彩妆,眼影,眼影笔,眼影笔,10.8,29.9,0,2,182,184
1305050020007 ,6923149025021 ,KQTQK库库韩社・萤光女孩眼影笔7#1.4g,116,深圳市盟客供应链科技有限公司,TC彩妆,眼影,眼影笔,眼影笔,10.8,29.9,0,78,211,289
1305050020008 ,6923149025038 ,KQTQK库库韩社・萤光女孩眼影笔8#1.4g,116,深圳市盟客供应链科技有限公司,TC彩妆,眼影,眼影笔,眼影笔,10.8,29.9,0,50,45,95
1303020020072 ,6954496907234 ,CHIOTURE稚优泉・甜心液体腮红04 5ml,100,广东快客电子商务有限公司,TC彩妆,局部,腮红,液体腮红,10.5,19.9,0,0,12,12
1303020020074 ,6954496907258 ,CHIOTURE稚优泉・甜心液体腮红06 5ml,116,深圳市盟客供应链科技有限公司,TC彩妆,局部,腮红,液体腮红,10.5,19.9,0,0,84,84
1303020020074 ,6954496907258 ,CHIOTURE稚优泉・甜心液体腮红06 5ml,100,广东快客电子商务有限公司,TC彩妆,局部,腮红,液体腮红,10.5,19.9,0,0,29,29
13050200101033 ,6971447280635 ,UNNY悠宜・立体深邃男士眉笔02暖棕色  0.25g,116,深圳市盟客供应链科技有限公司,TC彩妆,男士彩妆,眼部,眉笔,10.45,59.9,0,5,85,90
13050200101034 ,6971447280642 ,UNNY悠宜・立体深邃男士眉笔03自然灰  0.25g,116,深圳市盟客供应链科技有限公司,TC彩妆,男士彩妆,眼部,眉笔,10.45,59.9,0,0,14,14
1305010060008 ,6953710804205 ,MARIEBEAUTY玛丽佳人・炫舞灵动纤长睫毛膏 8.5ml,116,深圳市盟客供应链科技有限公司,TC彩妆,眼部,睫毛,纤长睫毛膏,10,26.9,0,0,107,107
1402020010023 ,8806164122310 ,得鲜・香氛润手霜(丁香)30ML,100,广东快客电子商务有限公司,TC护肤,冬季用品,手部护理,护手霜,10,19.9,0,0,5,5
1402020010023 ,8806164122310 ,得鲜・香氛润手霜(丁香)30ML,116,深圳市盟客供应链科技有限公司,TC护肤,冬季用品,手部护理,护手霜,10,19.9,0,0,6,6
1402020010018 ,8806164122327 ,得鲜・香氛润手霜(桃花)30ML,100,广东快客电子商务有限公司,TC护肤,冬季用品,手部护理,护手霜,10,19.9,0,0,19,19
1305050010069 ,6944449241423 ,AIDOFEC爱得菲・奢华炫彩弹弹眼影01珍珠白 2.2g,100,广东快客电子商务有限公司,TC彩妆,眼影,单色眼影,单色眼影,9.99,29.9,0,0,76,76
1305050010069 ,6944449241423 ,AIDOFEC爱得菲・奢华炫彩弹弹眼影01珍珠白 2.2g,116,深圳市盟客供应链科技有限公司,TC彩妆,眼影,单色眼影,单色眼影,9.99,29.9,0,5,0,5
1305050010070 ,6944449241430 ,AIDOFEC爱得菲・奢华炫彩弹弹眼影02浅咖啡 2.2g,100,广东快客电子商务有限公司,TC彩妆,眼影,单色眼影,单色眼影,9.99,29.9,0,0,76,76
1305050010071 ,6944449241447 ,AIDOFEC爱得菲・奢华炫彩弹弹眼影03深咖啡 2.2g,116,深圳市盟客供应链科技有限公司,TC彩妆,眼影,单色眼影,单色眼影,9.99,29.9,0,5,0,5
1305050010071 ,6944449241447 ,AIDOFEC爱得菲・奢华炫彩弹弹眼影03深咖啡 2.2g,100,广东快客电子商务有限公司,TC彩妆,眼影,单色眼影,单色眼影,9.99,29.9,0,0,78,78
1305050010072 ,6944449241454 ,AIDOFEC爱得菲・奢华炫彩弹弹眼影04金棕色 2.2g,100,广东快客电子商务有限公司,TC彩妆,眼影,单色眼影,单色眼影,9.99,29.9,0,0,76,76
1305050010072 ,6944449241454 ,AIDOFEC爱得菲・奢华炫彩弹弹眼影04金棕色 2.2g,116,深圳市盟客供应链科技有限公司,TC彩妆,眼影,单色眼影,单色眼影,9.99,29.9,0,5,0,5
1305050010073 ,6944449241461 ,AIDOFEC爱得菲・奢华炫彩弹弹眼影05琉金色 2.2g,116,深圳市盟客供应链科技有限公司,TC彩妆,眼影,单色眼影,单色眼影,9.99,29.9,0,5,0,5
1305050010073 ,6944449241461 ,AIDOFEC爱得菲・奢华炫彩弹弹眼影05琉金色 2.2g,100,广东快客电子商务有限公司,TC彩妆,眼影,单色眼影,单色眼影,9.99,29.9,0,0,76,76
1305050010074 ,6944449241478 ,AIDOFEC爱得菲・奢华炫彩弹弹眼影06豆沙色 2.2g,116,深圳市盟客供应链科技有限公司,TC彩妆,眼影,单色眼影,单色眼影,9.99,29.9,0,5,0,5
1305050010074 ,6944449241478 ,AIDOFEC爱得菲・奢华炫彩弹弹眼影06豆沙色 2.2g,100,广东快客电子商务有限公司,TC彩妆,眼影,单色眼影,单色眼影,9.99,29.9,0,0,84,84
1305050010075 ,6944449241485 ,AIDOFEC爱得菲・奢华炫彩弹弹眼影07南瓜色 2.2g,100,广东快客电子商务有限公司,TC彩妆,眼影,单色眼影,单色眼影,9.99,29.9,0,0,84,84
1305050010076 ,6944449241492 ,AIDOFEC爱得菲・奢华炫彩弹弹眼影08酒红色 2.2g,100,广东快客电子商务有限公司,TC彩妆,眼影,单色眼影,单色眼影,9.99,29.9,0,0,84,84
1305050010076 ,6944449241492 ,AIDOFEC爱得菲・奢华炫彩弹弹眼影08酒红色 2.2g,116,深圳市盟客供应链科技有限公司,TC彩妆,眼影,单色眼影,单色眼影,9.99,29.9,0,5,0,5
1305050010077 ,6944449241508 ,AIDOFEC爱得菲・奢华炫彩弹弹眼影09人鱼姬 2.2g,116,深圳市盟客供应链科技有限公司,TC彩妆,眼影,单色眼影,单色眼影,9.99,29.9,0,5,0,5
1305050010077 ,6944449241508 ,AIDOFEC爱得菲・奢华炫彩弹弹眼影09人鱼姬 2.2g,100,广东快客电子商务有限公司,TC彩妆,眼影,单色眼影,单色眼影,9.99,29.9,0,0,78,78
1305050010078 ,6944449241515 ,AIDOFEC爱得菲・奢华炫彩弹弹眼影10脏橘色 2.2g,100,广东快客电子商务有限公司,TC彩妆,眼影,单色眼影,单色眼影,9.99,29.9,0,0,76,76
1305050010078 ,6944449241515 ,AIDOFEC爱得菲・奢华炫彩弹弹眼影10脏橘色 2.2g,116,深圳市盟客供应链科技有限公司,TC彩妆,眼影,单色眼影,单色眼影,9.99,29.9,0,5,0,5
1302010040037 ,6923149024826 ,KQTQK库库韩社・糖果慕斯哑光唇釉1#4.1G,100,广东快客电子商务有限公司,TC彩妆,唇部,唇釉,哑光唇釉,9.8,29.9,0,0,10,10
1302010040038 ,6923149024833 ,KQTQK库库韩社・糖果慕斯哑光唇釉2#4.1G,100,广东快客电子商务有限公司,TC彩妆,唇部,唇釉,哑光唇釉,9.8,29.9,0,0,10,10
1302010040039 ,6923149024840 ,KQTQK库库韩社・糖果慕斯哑光唇釉3#4.1G,116,深圳市盟客供应链科技有限公司,TC彩妆,唇部,唇釉,哑光唇釉,9.8,29.9,0,6,18,24
1302010040039 ,6923149024840 ,KQTQK库库韩社・糖果慕斯哑光唇釉3#4.1G,100,广东快客电子商务有限公司,TC彩妆,唇部,唇釉,哑光唇釉,9.8,29.9,0,0,7,7
1302010040040 ,6923149024857 ,KQTQK库库韩社・糖果慕斯哑光唇釉4#4.1G,116,深圳市盟客供应链科技有限公司,TC彩妆,唇部,唇釉,哑光唇釉,9.8,29.9,0,586,7,593
1302010040040 ,6923149024857 ,KQTQK库库韩社・糖果慕斯哑光唇釉4#4.1G,100,广东快客电子商务有限公司,TC彩妆,唇部,唇釉,哑光唇釉,9.8,29.9,0,0,12,12
1302010040041 ,6923149024864 ,KQTQK库库韩社・糖果慕斯哑光唇釉5#4.1G,100,广东快客电子商务有限公司,TC彩妆,唇部,唇釉,哑光唇釉,9.8,29.9,0,0,11,11
1302010040042 ,6923149024871 ,KQTQK库库韩社・糖果慕斯哑光唇釉6#4.1G,100,广东快客电子商务有限公司,TC彩妆,唇部,唇釉,哑光唇釉,9.8,29.9,0,0,33,33
1302010040042 ,6923149024871 ,KQTQK库库韩社・糖果慕斯哑光唇釉6#4.1G,116,深圳市盟客供应链科技有限公司,TC彩妆,唇部,唇釉,哑光唇釉,9.8,29.9,0,0,12,12
1405020110006 ,4902186021113 ,奴比斯・剃鼻毛刀,116,深圳市盟客供应链科技有限公司,TC美妆工具,美容工具,剃毛刀,剃鼻毛刀,9.69,19.9,0,0,14,14
13030200201007 ,6927545982551 ,FOCALLURE菲鹿儿・宿醉红酒液体腮红（FA89-B01） 5g,116,深圳市盟客供应链科技有限公司,TC彩妆,局部,腮红,液体腮红,9.61,25.9,0,133,10,143
13030200201006 ,6927545982568 ,FOCALLURE菲鹿儿・宿醉红酒液体腮红（FA89-B02） 5g,116,深圳市盟客供应链科技有限公司,TC彩妆,局部,腮红,液体腮红,9.61,25.9,0,54,0,54
13030200201005 ,6927545982575 ,FOCALLURE菲鹿儿・宿醉红酒液体腮红（FA89-B03） 5g,116,深圳市盟客供应链科技有限公司,TC彩妆,局部,腮红,液体腮红,9.61,25.9,0,129,10,139
13030200201004 ,6927545982582 ,FOCALLURE菲鹿儿・宿醉红酒液体腮红（FA89-B04) 5g,116,深圳市盟客供应链科技有限公司,TC彩妆,局部,腮红,液体腮红,9.61,25.9,0,206,141,347
1303010049066 ,6927545980410 ,FOCALLURE菲鹿儿・粉底液(FA30-01) 31g,116,深圳市盟客供应链科技有限公司,TC彩妆,底妆,粉底,粉底液,9.61,49.9,0,96,0,96
1303010049068 ,6927545980434 ,FOCALLURE菲鹿儿・粉底液(FA30-03) 31g,116,深圳市盟客供应链科技有限公司,TC彩妆,底妆,粉底,粉底液,9.61,49.9,0,37,1,38
1305020010050 ,8858994415292 ,SIVANNA COLORS思薇娜・自然塑形眉笔NO-05 1.2g,116,深圳市盟客供应链科技有限公司,TC彩妆,眼部,眉笔,极细眉笔,9.5,29.9,0,12,43,55
1305020010109 ,6954496907135 ,CHIOTURE稚优泉・轻雾双头自动眉笔#01浅咖色 0.3g,116,深圳市盟客供应链科技有限公司,TC彩妆,眼部,眉笔,三角眉笔,9,24.9,0,154,0,154
1305020010110 ,6954496907142 ,CHIOTURE稚优泉・轻雾双头自动眉笔#02深棕色 0.3g,116,深圳市盟客供应链科技有限公司,TC彩妆,眼部,眉笔,三角眉笔,9,24.9,0,386,0,386
1305020010111 ,6954496907159 ,CHIOTURE稚优泉・轻雾双头自动眉笔#03烟灰色 0.3g,116,深圳市盟客供应链科技有限公司,TC彩妆,眼部,眉笔,三角眉笔,9,24.9,0,163,132,295
1305020010112 ,6954496907166 ,CHIOTURE稚优泉・轻雾双头自动眉笔#04浅黑色 0.3g,116,深圳市盟客供应链科技有限公司,TC彩妆,眼部,眉笔,三角眉笔,9,24.9,0,69,0,69
1305020010113 ,6954496907180 ,CHIOTURE稚优泉・轻雾双头自动眉笔#06浅棕色 0.3g,116,深圳市盟客供应链科技有限公司,TC彩妆,眼部,眉笔,三角眉笔,9,24.9,0,282,0,282
13050500101046 ,6970379948699 ,HEXZE韩熙贞・幻乐情音单色眼影A00 1.5g,116,深圳市盟客供应链科技有限公司,TC彩妆,眼影,单色眼影,单色眼影,9,25.9,0,479,39,518
13050500101047 ,6970379948705 ,HEXZE韩熙贞・幻乐情音单色眼影A08 1.5g,116,深圳市盟客供应链科技有限公司,TC彩妆,眼影,单色眼影,单色眼影,9,25.9,0,496,36,532
1305020010139 ,8806164136706 ,TheSaem得鲜・爱可防水柔滑眉笔 04 黑色 1.8g,116,深圳市盟客供应链科技有限公司,TC彩妆,眼部,眉笔,三角眉笔,8.75,22.9,0,180,367,547
1305040020051 ,4897095770972 ,CHIC CLUE 酷黑速干眼线液笔 黑色,116,深圳市盟客供应链科技有限公司,TC彩妆,眼部,眼线,眼线液笔,8.2215,19.9,0,33,0,33
1305040020051 ,4897095770972 ,CHIC CLUE 酷黑速干眼线液笔 黑色,100,广东快客电子商务有限公司,TC彩妆,眼部,眼线,眼线液笔,8.2215,19.9,0,0,14,14
13011000061 ,4969757109724 ,KYOWA・卸妆湿纸巾30枚,116,深圳市盟客供应链科技有限公司,TC护肤,卸妆,面部卸妆,卸妆巾,8.03,12.9,0,52,1,53
1305050010001 ,6923149024642 ,KQTQK库库韩社・糖果新衣弹性眼影1#3.5G,100,广东快客电子商务有限公司,TC彩妆,眼影,单色眼影,单色眼影,7.8,19.9,0,2,12,14
1305050010001 ,6923149024642 ,KQTQK库库韩社・糖果新衣弹性眼影1#3.5G,116,深圳市盟客供应链科技有限公司,TC彩妆,眼影,单色眼影,单色眼影,7.8,19.9,0,1,46,47
1305050010002 ,6923149024659 ,KQTQK库库韩社・糖果新衣弹性眼影2#3.5G,100,广东快客电子商务有限公司,TC彩妆,眼影,单色眼影,单色眼影,7.8,19.9,0,0,6,6
1305050010002 ,6923149024659 ,KQTQK库库韩社・糖果新衣弹性眼影2#3.5G,116,深圳市盟客供应链科技有限公司,TC彩妆,眼影,单色眼影,单色眼影,7.8,19.9,0,59,12,71
1305050010003 ,6923149024666 ,KQTQK库库韩社・糖果新衣弹性眼影3#3.5G,116,深圳市盟客供应链科技有限公司,TC彩妆,眼影,单色眼影,单色眼影,7.8,19.9,0,0,47,47
1305050010004 ,6923149024673 ,KQTQK库库韩社・糖果新衣弹性眼影4#3.5G,116,深圳市盟客供应链科技有限公司,TC彩妆,眼影,单色眼影,单色眼影,7.8,19.9,0,590,25,615
1305050010004 ,6923149024673 ,KQTQK库库韩社・糖果新衣弹性眼影4#3.5G,100,广东快客电子商务有限公司,TC彩妆,眼影,单色眼影,单色眼影,7.8,19.9,0,0,50,50
1305050010005 ,6923149024680 ,KQTQK库库韩社・糖果新衣弹性眼影5#3.5G,100,广东快客电子商务有限公司,TC彩妆,眼影,单色眼影,单色眼影,7.8,19.9,0,0,43,43
1305050010005 ,6923149024680 ,KQTQK库库韩社・糖果新衣弹性眼影5#3.5G,116,深圳市盟客供应链科技有限公司,TC彩妆,眼影,单色眼影,单色眼影,7.8,19.9,0,623,389,1012
1305050010007 ,6923149024703 ,KQTQK库库韩社・糖果新衣弹性眼影7#3.5G,100,广东快客电子商务有限公司,TC彩妆,眼影,单色眼影,单色眼影,7.8,19.9,0,0,18,18
1305050010007 ,6923149024703 ,KQTQK库库韩社・糖果新衣弹性眼影7#3.5G,116,深圳市盟客供应链科技有限公司,TC彩妆,眼影,单色眼影,单色眼影,7.8,19.9,0,12,0,12
1305050010008 ,6923149024710 ,KQTQK库库韩社・糖果新衣弹性眼影8#3.5G,116,深圳市盟客供应链科技有限公司,TC彩妆,眼影,单色眼影,单色眼影,7.8,19.9,0,144,27,171
1305050010008 ,6923149024710 ,KQTQK库库韩社・糖果新衣弹性眼影8#3.5G,100,广东快客电子商务有限公司,TC彩妆,眼影,单色眼影,单色眼影,7.8,19.9,0,0,9,9
130601001032 ,6928409010014 ,Nail show・美甲贴 173 3g,116,深圳市盟客供应链科技有限公司,TC美甲,指甲彩妆,局部甲贴,局部甲贴,7.8,15.9,0,2530,0,2530
1708130010007 ,4895232607310 ,LUSCINIAM・压花小礼盒・酒红盖米色带・105mm*65mm*40mm,116,深圳市盟客供应链科技有限公司,TC美妆工具,分装瓶盒,分装盒,分装盒,6,6.9,0,21,0,21
1404020021401 ,4897095772075 ,QGIRL・竹柔美肤巾45片,100,广东快客电子商务有限公司,TC化妆棉,清洁,柔肤巾,柔肤巾,5.48,12.9,0,0,16,16
1305020010059 ,6923149028794 ,JOJO・MEKEUP绘彩自然旋转眉笔1# 0.25g,116,深圳市盟客供应链科技有限公司,TC彩妆,眼部,眉笔,三角眉笔,5,15.9,0,2055,395,2450
1305020010060 ,6923149028800 ,JOJO・MEKEUP绘彩自然旋转眉笔2# 0.25g,116,深圳市盟客供应链科技有限公司,TC彩妆,眼部,眉笔,三角眉笔,5,15.9,0,2155,1931,4086
1306020010020 ,4897095770576 ,Sty Queen撕拉水甲彩彩色星辰20号色 10ml,100,广东快客电子商务有限公司,TC美甲,指甲彩妆,指甲油,水性指甲油,3.345,9.9,0,6,0,6
1306020010022 ,4897095770590 ,Sty Queen撕拉水甲彩流沙人鱼姬 22号色 10ml,100,广东快客电子商务有限公司,TC美甲,指甲彩妆,指甲油,水性指甲油,3.345,9.9,0,20,0,20
1306020010018 ,4897095770552 ,Sty Queen撕拉水甲彩流沙金18号色 10ml,100,广东快客电子商务有限公司,TC美甲,指甲彩妆,指甲油,水性指甲油,3.345,9.9,0,16,0,16
1306020010015 ,4897095770521 ,Sty Queen撕拉水甲彩璀璨勃艮第酒红15号色 10ml,100,广东快客电子商务有限公司,TC美甲,指甲彩妆,指甲油,水性指甲油,3.345,9.9,0,28,0,28
1306020010016 ,4897095770538 ,Sty Queen撕拉水甲彩璀璨珍珠红16号色 10ml,100,广东快客电子商务有限公司,TC美甲,指甲彩妆,指甲油,水性指甲油,3.345,9.9,0,21,0,21
1306020010023 ,4897095770606 ,Sty Queen撕拉水甲彩粉色星辰 23号色 10ml,100,广东快客电子商务有限公司,TC美甲,指甲彩妆,指甲油,水性指甲油,3.345,9.9,0,31,0,31
1306020010017 ,4897095770545 ,Sty Queen撕拉水甲彩粉色沙滩17号色 10ml,100,广东快客电子商务有限公司,TC美甲,指甲彩妆,指甲油,水性指甲油,3.345,9.9,0,22,0,22
1306020010019 ,4897095770569 ,Sty Queen撕拉水甲彩香槟金19号色 10ml,100,广东快客电子商务有限公司,TC美甲,指甲彩妆,指甲油,水性指甲油,3.345,9.9,0,6,0,6
1306020010009 ,4897095770460 ,Sty Queen撕拉水甲彩宝蓝色09号色 10ml,100,广东快客电子商务有限公司,TC美甲,指甲彩妆,指甲油,水性指甲油,2.935,9.9,0,23,0,23
1306020010012 ,4897095770491 ,Sty Queen撕拉水甲彩马卡龙绿12号色 10ml,116,深圳市盟客供应链科技有限公司,TC美甲,指甲彩妆,指甲油,水性指甲油,2.905,9.9,0,8,0,8
1306020010012 ,4897095770491 ,Sty Queen撕拉水甲彩马卡龙绿12号色 10ml,100,广东快客电子商务有限公司,TC美甲,指甲彩妆,指甲油,水性指甲油,2.905,9.9,0,0,47,47
1306020010010 ,4897095770477 ,Sty Queen撕拉水甲彩马卡龙蓝10号色 10ml,100,广东快客电子商务有限公司,TC美甲,指甲彩妆,指甲油,水性指甲油,2.905,9.9,0,0,66,66
130601001073 ,6928409040196 ,Nail show・3D贴花 149  0.65g,116,深圳市盟客供应链科技有限公司,TC彩妆,指甲彩妆,指甲套装,指甲油套装,2.8,9.9,0,1122,0,1122
130601001072 ,6928409040189 ,Nail show・3D贴花 186  0.65g,116,深圳市盟客供应链科技有限公司,TC彩妆,指甲彩妆,指甲套装,指甲油套装,2.8,9.9,0,0,267,267
130601001078 ,6928409040240 ,Nail show・3D贴花 192  0.65g,116,深圳市盟客供应链科技有限公司,TC彩妆,指甲彩妆,指甲套装,指甲油套装,2.8,9.9,0,1275,1043,2318
130601001055 ,6928409040011 ,Nail show・3D贴花 193  0.65g,116,深圳市盟客供应链科技有限公司,TC彩妆,指甲彩妆,指甲套装,指甲油套装,2.8,9.9,0,59,265,324
130601001077 ,6928409040233 ,Nail show・3D贴花 195  0.65g,116,深圳市盟客供应链科技有限公司,TC彩妆,指甲彩妆,指甲套装,指甲油套装,2.8,9.9,0,1405,0,1405
130601001074 ,6928409040202 ,Nail show・3D贴花 210 0.65g,116,深圳市盟客供应链科技有限公司,TC彩妆,指甲彩妆,指甲套装,指甲油套装,2.8,9.9,0,523,360,883
130601001075 ,6928409040219 ,Nail show・3D贴花 211 0.65g,116,深圳市盟客供应链科技有限公司,TC彩妆,指甲彩妆,指甲套装,指甲油套装,2.8,9.9,0,620,733,1353
130601001071 ,6928409040172 ,Nail show・3D贴花 212 0.65g,116,深圳市盟客供应链科技有限公司,TC彩妆,指甲彩妆,指甲套装,指甲油套装,2.8,9.9,0,0,141,141
130601001070 ,6928409040165 ,Nail show・3D贴花 213 0.65g,116,深圳市盟客供应链科技有限公司,TC彩妆,指甲彩妆,指甲套装,指甲油套装,2.8,9.9,0,1090,125,1215
130601001056 ,6928409040028 ,Nail show・3D贴花 214  0.65g,116,深圳市盟客供应链科技有限公司,TC彩妆,指甲彩妆,指甲套装,指甲油套装,2.8,9.9,0,317,0,317
1302010040228,8806190716163,I'M MEME・ 我爱薄雾甜心按压唇釉 CA007 秋日暖枫,100,广东快客电子商务有限公司,TC彩妆,唇部,唇釉,哑光唇釉,35.95,69.9,0,0,93,93
1302010040228,8806190716163,I'M MEME・ 我爱薄雾甜心按压唇釉 CA007 秋日暖枫,116,深圳市盟客供应链科技有限公司,TC彩妆,唇部,唇釉,哑光唇釉,35.95,69.9,0,834,5431,6265
1302010040226,8806190716095,I'M MEME・ 我爱薄雾甜心按压唇釉 CA01 鲜红宝石,116,深圳市盟客供应链科技有限公司,TC彩妆,唇部,唇釉,哑光唇釉,35.95,69.9,0,879,3326,4205
1302010040227,8806190716132,I'M MEME・ 我爱薄雾甜心按压唇釉 CA04 珊瑚嫣粉,116,深圳市盟客供应链科技有限公司,TC彩妆,唇部,唇釉,哑光唇釉,35.95,69.9,0,0,1879,1879
1302010040229,8806190716170,I'M MEME・ 我爱薄雾甜心按压唇釉 CA08 复古砖墙,116,深圳市盟客供应链科技有限公司,TC彩妆,唇部,唇釉,哑光唇釉,35.95,69.9,0,1781,5533,7314
1302010040230,8806190716187,I'M MEME・ 我爱薄雾甜心按压唇釉 CA09 玫瑰樱桃,116,深圳市盟客供应链科技有限公司,TC彩妆,唇部,唇釉,哑光唇釉,35.95,69.9,0,0,2299,2299
1302010040231,8806190716194,I'M MEME・ 我爱薄雾甜心按压唇釉 CA10 勃艮第红,116,深圳市盟客供应链科技有限公司,TC彩妆,唇部,唇釉,哑光唇釉,35.95,69.9,0,0,12412,12412
